,trip,Median Duration (mins),Median time of day,Size,public_duration
0,"40.6610633719006,-73.97945255041121|40.6610633719006,-73.97945255041121",23.3,1531152000,184,
1,"40.6610633719006,-73.97945255041121|40.6729679,-73.97087984",7.65,1531144800,143,
2,"40.663779,-73.98396846|40.6662078,-73.98199886",1.5666666666666667,1531126800,117,
3,"40.668132,-73.97363831|40.6610633719006,-73.97945255041121",4.9,1531152000,115,
4,"40.668132,-73.97363831|40.668132,-73.97363831",21.933333333333334,1531144800,101,
5,"40.668132,-73.97363831|40.67502070000001,-73.97111473",3.8333333333333335,1531123200,269,
6,"40.67038370000001,-73.97839676|40.67716489469059,-73.97382795810701",4.333333333333333,1531126800,139,
7,"40.67077670000001,-73.9576801|40.6765198,-73.9596082",4.083333333333333,1531162800,140,
8,"40.6711978,-73.97484126|40.67716489469059,-73.97382795810701",3.7083333333333335,1531126800,128,
9,"40.6729679,-73.97087984|40.6610633719006,-73.97945255041121",7.85,1531148400,130,
10,"40.6729679,-73.97087984|40.6729679,-73.97087984",26.466666666666665,1531148400,101,
11,"40.67502070000001,-73.97111473|40.6610633719006,-73.97945255041121",8.483333333333333,1531155600,129,
12,"40.67502070000001,-73.97111473|40.66514681533792,-73.97637605667114",6.25,1531159200,101,
13,"40.67502070000001,-73.97111473|40.668132,-73.97363831",4.55,1531155600,215,
14,"40.67502070000001,-73.97111473|40.6711978,-73.97484126",4.133333333333334,1531155600,127,
15,"40.6758324,-73.95616770000002|40.67077670000001,-73.9576801",3.1333333333333333,1531123200,165,
16,"40.67716489469059,-73.97382795810701|40.67038370000001,-73.97839676",4.25,1531152000,153,
17,"40.6772744,-73.98282002|40.68312489,-73.97895137",3.4,1531123200,112,
18,"40.67927879999999,-73.98154004|40.68312489,-73.97895137",2.5833333333333335,1531126800,146,
19,"40.680611,-73.99475825|40.6867443,-73.99063168",3.95,1531134000,101,
20,"40.6809833854,-73.9500479759|40.68236870000001,-73.944118",3.075,1531159200,158,
21,"40.6809833854,-73.9500479759|40.6851532,-73.94111",5.466666666666667,1531159200,123,
22,"40.6809833854,-73.9500479759|40.686203000000006,-73.944694",4.783333333333333,1531159200,116,
23,"40.68236870000001,-73.944118|40.6809833854,-73.9500479759",2.9833333333333334,1531126800,131,
24,"40.6828003,-73.99990419|40.680611,-73.99475825",2.716666666666667,1531126800,128,
25,"40.6830456,-74.00348559|40.680611,-73.99475825",5.316666666666666,1531126800,110,
26,"40.6831164,-73.99785267|40.69239502,-73.99337909",5.25,1531123200,147,
27,"40.68323865460341,-73.96599590778352|40.68506807308177,-73.97790759801863",4.733333333333333,1531126800,118,
28,"40.68415748,-73.96922273|40.68506807308177,-73.97790759801863",3.3666666666666667,1531126800,102,
29,"40.6847514,-73.99917254|40.680611,-73.99475825",3.933333333333333,1531126800,119,
30,"40.6847514,-73.99917254|40.6867443,-73.99063168",4.883333333333334,1531130400,105,
31,"40.6847514,-73.99917254|40.69239502,-73.99337909",5.683333333333334,1531123200,188,
32,"40.68506807308177,-73.97790759801863|40.69236178,-73.98631746",6.683333333333334,1531123200,109,
33,"40.68512559515415,-74.02535319328308|40.69231660719192,-74.01486575603484",16.05,1531148400,125,
34,"40.6851532,-73.94111|40.6809833854,-73.9500479759",5.4,1531123200,127,
35,"40.6859296,-74.00242364|40.69165183,-73.99997859999998",3.15,1531134000,150,
36,"40.6861758,-73.99645295|40.69239502,-73.99337909",4.291666666666667,1531123200,186,
37,"40.686203000000006,-73.944694|40.6809833854,-73.9500479759",4.375,1531123200,192,
38,"40.686312,-73.935775|40.69681963,-73.93756926",5.266666666666667,1531123200,127,
39,"40.68650065,-73.96563307|40.68506807308177,-73.97790759801863",5.0,1531126800,109,
40,"40.6867443,-73.99063168|40.68312489,-73.97895137",6.391666666666667,1531157400,102,
41,"40.6867443,-73.99063168|40.6861758,-73.99645295",3.6333333333333333,1531159200,113,
42,"40.6867443,-73.99063168|40.69089272,-73.99612349",4.683333333333334,1531155600,108,
43,"40.686931,-74.016966|40.686931,-74.016966",29.533333333333335,1531141200,153,
44,"40.686931,-74.016966|40.69231660719192,-74.01486575603484",14.833333333333334,1531148400,119,
45,"40.68753406,-73.97265183|40.689888,-73.981013",3.6333333333333333,1531123200,101,
46,"40.68764484,-73.96968902|40.68506807308177,-73.97790759801863",3.7333333333333334,1531123200,102,
47,"40.68851534,-73.9647628|40.689888,-73.981013",6.016666666666667,1531126800,113,
48,"40.68900443,-73.96023854|40.69363137,-73.96223558",3.033333333333333,1531159200,151,
49,"40.68940747,-73.96885458|40.689888,-73.981013",3.8,1531123200,383,
50,"40.68981035,-73.97493121|40.689888,-73.981013",2.225,1531126800,214,
51,"40.689888,-73.981013|40.69308257,-73.97178913",5.808333333333334,1531159200,112,
52,"40.689888,-73.981013|40.693261,-73.968896",7.758333333333334,1531159200,128,
53,"40.69165183,-73.99997859999998|40.6859296,-74.00242364",3.65,1531152000,121,
54,"40.69165183,-73.99997859999998|40.70277159,-73.99383605",7.883333333333334,1531137600,121,
55,"40.6917823,-73.97372990000002|40.689888,-73.981013",3.8333333333333335,1531123200,145,
56,"40.69196035,-73.96536851|40.689888,-73.981013",6.55,1531123200,187,
57,"40.69196566,-73.9813018|40.69308257,-73.97178913",4.85,1531159200,365,
58,"40.69196566,-73.9813018|40.693261,-73.968896",6.15,1531159200,243,
59,"40.69196566,-73.9813018|40.69580705,-73.97355569",5.591666666666667,1531159200,126,
60,"40.69231660719192,-74.01486575603484|40.68512559515415,-74.02535319328308",16.125,1531144800,160,
61,"40.69231660719192,-74.01486575603484|40.686931,-74.016966",21.391666666666666,1531141200,150,
62,"40.69231660719192,-74.01486575603484|40.69231660719192,-74.01486575603484",23.308333333333334,1531144800,156,
63,"40.69236178,-73.98631746|40.68506807308177,-73.97790759801863",6.358333333333333,1531155600,102,
64,"40.69239502,-73.99337909|40.6847514,-73.99917254",5.258333333333334,1531152000,200,
65,"40.69308257,-73.97178913|40.689888,-73.981013",4.95,1531126800,211,
66,"40.69308257,-73.97178913|40.69196566,-73.9813018",4.35,1531123200,269,
67,"40.693261,-73.968896|40.689888,-73.981013",6.466666666666667,1531126800,129,
68,"40.693261,-73.968896|40.69196566,-73.9813018",5.4,1531123200,275,
69,"40.693261,-73.968896|40.69236178,-73.98631746",7.308333333333334,1531126800,144,
70,"40.69512845,-73.99595065|40.69760127,-73.99344559",2.275,1531126800,166,
71,"40.69573398,-73.97129668|40.69196566,-73.9813018",5.7,1531123200,117,
72,"40.69580705,-73.97355569|40.69196566,-73.9813018",4.7,1531126800,177,
73,"40.69681963,-73.93756926|40.6933982,-73.939877",2.7416666666666667,1531162800,110,
74,"40.69760127,-73.99344559|40.6902375,-73.99203074",4.816666666666666,1531148400,105,
75,"40.69760127,-73.99344559|40.69089272,-73.99612349",3.575,1531155600,148,
76,"40.69760127,-73.99344559|40.69383,-73.990539",2.966666666666667,1531134000,129,
77,"40.69760127,-73.99344559|40.69512845,-73.99595065",2.5833333333333335,1531159200,166,
78,"40.69760127,-73.99344559|40.70277159,-73.99383605",3.6333333333333333,1531141200,132,
79,"40.69795031569544,-73.97077560424805|40.70140317257725,-73.98672670125961",6.95,1531123200,147,
80,"40.70122128,-74.01234218|40.70355377,-74.00670227",2.6083333333333334,1531148400,148,
81,"40.70140317257725,-73.98672670125961|40.697787,-73.973736",6.45,1531146600,108,
82,"40.70140317257725,-73.98672670125961|40.69795031569544,-73.97077560424805",7.016666666666667,1531155600,178,
83,"40.70140317257725,-73.98672670125961|40.699773,-73.979927",3.4833333333333334,1531130400,112,
84,"40.70140317257725,-73.98672670125961|40.71581550000001,-73.99422366",11.55,1531130400,115,
85,"40.701907,-74.013942|40.711512,-74.01575600000002",6.333333333333333,1531152000,177,
86,"40.70255065,-74.0127234|40.711512,-74.01575600000002",6.225,1531130400,122,
87,"40.70277159,-73.99383605|40.69165183,-73.99997859999998",8.35,1531152000,121,
88,"40.70355377,-74.00670227|40.70122128,-74.01234218",2.8,1531126800,200,
89,"40.70355377,-74.00670227|40.711512,-74.01575600000002",9.483333333333333,1531137600,137,
90,"40.70463334,-74.01361706|40.70569254,-74.01677685",2.566666666666667,1531134000,205,
91,"40.70463334,-74.01361706|40.70834698,-74.01713445",4.133333333333334,1531155600,110,
92,"40.70463334,-74.01361706|40.711512,-74.01575600000002",5.558333333333334,1531152000,220,
93,"40.70463334,-74.01361706|40.7153379,-74.01658354",7.15,1531152000,115,
94,"40.70569254,-74.01677685|40.70463334,-74.01361706",2.783333333333333,1531135800,140,
95,"40.70569254,-74.01677685|40.70569254,-74.01677685",21.4,1531152000,107,
96,"40.70569254,-74.01677685|40.711512,-74.01575600000002",3.7666666666666666,1531152000,220,
97,"40.70569254,-74.01677685|40.7149787,-74.013012",6.016666666666667,1531144800,111,
98,"40.70569254,-74.01677685|40.7153379,-74.01658354",5.8,1531146600,212,
99,"40.70569254,-74.01677685|40.71754834,-74.01322069",7.383333333333334,1531137600,230,
100,"40.70823502,-74.00530063|40.711066,-74.009447",2.933333333333333,1531123200,114,
101,"40.70834698,-74.01713445|40.70463334,-74.01361706",4.233333333333333,1531130400,145,
102,"40.70834698,-74.01713445|40.70569254,-74.01677685",1.9833333333333334,1531148400,105,
103,"40.70834698,-74.01713445|40.711512,-74.01575600000002",1.9833333333333334,1531152000,371,
104,"40.70834698,-74.01713445|40.7153379,-74.01658354",5.033333333333333,1531137600,234,
105,"40.70834698,-74.01713445|40.71754834,-74.01322069",5.866666666666666,1531130400,206,
106,"40.70877084,-73.95095259|40.71413311,-73.95234386",3.1083333333333334,1531137600,110,
107,"40.70905623,-74.01043382|40.70255065,-74.0127234",3.7,1531123200,115,
108,"40.70905623,-74.01043382|40.70355377,-74.00670227",4.633333333333334,1531139400,108,
109,"40.70905623,-74.01043382|40.70463334,-74.01361706",2.8833333333333333,1531126800,164,
110,"40.70924826276157,-73.96063148975372|40.71044554,-73.96525063",2.2,1531155600,137,
111,"40.70924826276157,-73.96063148975372|40.71285887,-73.96590294",4.191666666666666,1531155600,140,
112,"40.71044554,-73.96525063|40.70924826276157,-73.96063148975372",2.066666666666667,1531123200,149,
113,"40.71044554,-73.96525063|40.71534825,-73.96024116",3.725,1531141200,122,
114,"40.71044554,-73.96525063|40.71745169,-73.95850939",4.583333333333333,1531130400,229,
115,"40.711066,-74.009447|40.70463334,-74.01361706",4.116666666666666,1531126800,108,
116,"40.711512,-74.01575600000002|40.701907,-74.013942",6.966666666666667,1531141200,188,
117,"40.711512,-74.01575600000002|40.70355377,-74.00670227",8.616666666666667,1531155600,131,
118,"40.711512,-74.01575600000002|40.70463334,-74.01361706",6.216666666666667,1531130400,227,
119,"40.711512,-74.01575600000002|40.70569254,-74.01677685",3.933333333333333,1531152000,250,
120,"40.711512,-74.01575600000002|40.70834698,-74.01713445",2.1166666666666667,1531152000,321,
121,"40.711512,-74.01575600000002|40.70905623,-74.01043382",3.975,1531130400,112,
122,"40.711512,-74.01575600000002|40.711512,-74.01575600000002",15.166666666666666,1531152000,125,
123,"40.711512,-74.01575600000002|40.71754834,-74.01322069",4.5,1531141200,188,
124,"40.711512,-74.01575600000002|40.7277140777778,-74.01129573583603",9.3,1531148400,123,
125,"40.711512,-74.01575600000002|40.728846,-74.00859100000002",10.65,1531144800,145,
126,"40.711512,-74.01575600000002|40.73291553,-74.00711384",12.958333333333334,1531155600,102,
127,"40.71260486,-73.96264403|40.71534825,-73.96024116",1.9,1531144800,113,
128,"40.71260486,-73.96264403|40.71745169,-73.95850939",2.8,1531130400,340,
129,"40.71273266,-74.0046073|40.71485150526252,-74.01122331619263",4.183333333333334,1531141200,121,
130,"40.71273266,-74.0046073|40.7149787,-74.013012",4.2,1531123200,102,
131,"40.71273266,-74.0046073|40.71754834,-74.01322069",5.766666666666667,1531155600,113,
132,"40.71285887,-73.96590294|40.70924826276157,-73.96063148975372",3.6333333333333333,1531126800,204,
133,"40.71285887,-73.96590294|40.71534825,-73.96024116",3.716666666666667,1531137600,146,
134,"40.71285887,-73.96590294|40.71745169,-73.95850939",4.316666666666666,1531130400,501,
135,"40.71285887,-73.96590294|40.7190095,-73.95852515",4.625,1531130400,148,
136,"40.71291224,-74.01020234|40.717571,-74.005549",3.433333333333333,1531130400,137,
137,"40.71291224,-74.01020234|40.71939226,-74.00247214",5.058333333333334,1531126800,114,
138,"40.71291224,-74.01020234|40.72019521437465,-74.0103006362915",5.133333333333334,1531123200,113,
139,"40.71291224,-74.01020234|40.72243797,-74.00566443",5.425,1531126800,272,
140,"40.713126,-73.984844|40.71427487,-73.98990025",2.8,1531130400,125,
141,"40.71413089,-73.99704679999998|40.71427487,-73.98990025",4.225,1531144800,110,
142,"40.71413311,-73.95234386|40.71534825,-73.96024116",3.8333333333333335,1531148400,118,
143,"40.714215,-73.981346|40.71427487,-73.98990025",3.8833333333333333,1531141200,288,
144,"40.714215,-73.981346|40.7172274,-73.98802084",3.7333333333333334,1531137600,199,
145,"40.714215,-73.981346|40.71893904,-73.99266288",5.583333333333333,1531137600,115,
146,"40.71427487,-73.98990025|40.713126,-73.984844",3.1166666666666667,1531152000,109,
147,"40.71427487,-73.98990025|40.71413089,-73.99704679999998",3.725,1531134000,144,
148,"40.71427487,-73.98990025|40.714215,-73.981346",3.783333333333333,1531152000,293,
149,"40.71427487,-73.98990025|40.71427487,-73.98990025",17.95,1531152000,162,
150,"40.71427487,-73.98990025|40.71581550000001,-73.99422366",2.8666666666666667,1531144800,119,
151,"40.71485150526252,-74.01122331619263|40.71273266,-74.0046073",4.233333333333333,1531152000,129,
152,"40.7149787,-74.013012|40.70569254,-74.01677685",6.616666666666666,1531148400,102,
153,"40.7149787,-74.013012|40.70834698,-74.01713445",5.683333333333334,1531150200,126,
154,"40.715143,-73.944507|40.71534825,-73.96024116",6.816666666666666,1531130400,110,
155,"40.715143,-73.944507|40.71907891179564,-73.94223690032959",2.9,1531159200,349,
156,"40.715143,-73.944507|40.71929301,-73.94500379",2.0166666666666666,1531159200,169,
157,"40.715143,-73.944507|40.72325,-73.94308000000002",5.3,1531159200,229,
158,"40.7153379,-74.01658354|40.70463334,-74.01361706",7.291666666666667,1531126800,154,
159,"40.7153379,-74.01658354|40.70569254,-74.01677685",5.683333333333334,1531144800,173,
160,"40.7153379,-74.01658354|40.70834698,-74.01713445",5.25,1531148400,145,
161,"40.7153379,-74.01658354|40.7153379,-74.01658354",19.541666666666668,1531144800,118,
162,"40.7153379,-74.01658354|40.71870987,-74.0090009",5.258333333333334,1531123200,106,
163,"40.7153379,-74.01658354|40.72019521437465,-74.0103006362915",4.5,1531119600,214,
164,"40.7153379,-74.01658354|40.728846,-74.00859100000002",8.883333333333333,1531148400,125,
165,"40.7153379,-74.01658354|40.73291553,-74.00711384",10.766666666666667,1531155600,123,
166,"40.7153379,-74.01658354|40.739323,-74.008119",12.958333333333334,1531155600,110,
167,"40.7153379,-74.01658354|40.74334935,-74.00681753",13.375,1531132200,112,
168,"40.71534825,-73.96024116|40.71167351,-73.95141312",5.383333333333334,1531152000,109,
169,"40.71534825,-73.96024116|40.71285887,-73.96590294",4.058333333333334,1531148400,182,
170,"40.71534825,-73.96024116|40.715143,-73.944507",7.491666666666666,1531146600,106,
171,"40.71534825,-73.96024116|40.72311651,-73.95212324",4.966666666666667,1531148400,103,
172,"40.71581550000001,-73.99422366|40.71427487,-73.98990025",2.433333333333333,1531152000,133,
173,"40.71625008,-74.0091059|40.711512,-74.01575600000002",6.591666666666667,1531144800,102,
174,"40.71625008,-74.0091059|40.7153379,-74.01658354",4.75,1531155600,111,
175,"40.71625008,-74.0091059|40.72019521437465,-74.0103006362915",2.6666666666666665,1531144800,129,
176,"40.716887,-73.96319799999998|40.71745169,-73.95850939",2.45,1531130400,337,
177,"40.7172274,-73.98802084|40.714215,-73.981346",3.7666666666666666,1531152000,205,
178,"40.71745169,-73.95850939|40.71044554,-73.96525063",6.683333333333334,1531155600,126,
179,"40.71745169,-73.95850939|40.71260486,-73.96264403",5.533333333333333,1531153800,104,
180,"40.71745169,-73.95850939|40.71285887,-73.96590294",4.883333333333334,1531155600,458,
181,"40.71745169,-73.95850939|40.716887,-73.96319799999998",2.6166666666666667,1531152000,313,
182,"40.71745169,-73.95850939|40.72311651,-73.95212324",3.9,1531152000,189,
183,"40.71745169,-73.95850939|40.72906,-73.95779",6.933333333333334,1531141200,140,
184,"40.71754834,-74.01322069|40.70569254,-74.01677685",7.266666666666667,1531148400,201,
185,"40.71754834,-74.01322069|40.70834698,-74.01713445",6.4,1531155600,174,
186,"40.71754834,-74.01322069|40.711512,-74.01575600000002",5.15,1531155600,139,
187,"40.71754834,-74.01322069|40.71273266,-74.0046073",5.55,1531130400,202,
188,"40.71754834,-74.01322069|40.7153379,-74.01658354",2.8333333333333335,1531155600,117,
189,"40.71754834,-74.01322069|40.71754834,-74.01322069",17.45,1531152000,200,
190,"40.71754834,-74.01322069|40.72243797,-74.00566443",6.833333333333333,1531126800,104,
191,"40.71754834,-74.01322069|40.72405549,-74.00965965",4.933333333333334,1531155600,151,
192,"40.71754834,-74.01322069|40.7277140777778,-74.01129573583603",5.15,1531155600,329,
193,"40.71754834,-74.01322069|40.728846,-74.00859100000002",7.316666666666666,1531155600,246,
194,"40.71754834,-74.01322069|40.73038599,-74.00214988",10.016666666666667,1531155600,130,
195,"40.71754834,-74.01322069|40.73172428,-74.00674436",8.8,1531155600,177,
196,"40.71754834,-74.01322069|40.73291553,-74.00711384",9.191666666666666,1531155600,272,
197,"40.71754834,-74.01322069|40.739323,-74.008119",10.833333333333334,1531152000,257,
198,"40.71754834,-74.01322069|40.742753828659026,-74.00747358798982",13.3,1531155600,137,
199,"40.71754834,-74.01322069|40.74334935,-74.00681753",12.483333333333333,1531155600,193,
200,"40.71754834,-74.01322069|40.74691959,-74.00451887",15.8,1531155600,178,
201,"40.71754834,-74.01322069|40.751396,-74.00522600000002",16.483333333333334,1531144800,157,
202,"40.71754834,-74.01322069|40.75594159,-74.0021163",19.916666666666668,1531159200,108,
203,"40.71754834,-74.01322069|40.76087502,-74.00277668",18.766666666666666,1531155600,215,
204,"40.71774592,-73.95600096|40.72146256229816,-73.94800901412964",5.35,1531155600,111,
205,"40.71774592,-73.95600096|40.72311651,-73.95212324",3.5833333333333335,1531159200,206,
206,"40.71774592,-73.95600096|40.724812564400175,-73.94752621650694",5.95,1531159200,121,
207,"40.71774592,-73.95600096|40.72557000000001,-73.94434",7.291666666666667,1531155600,116,
208,"40.71774592,-73.95600096|40.72606,-73.95621",4.9,1531155600,103,
209,"40.71774592,-73.95600096|40.72906,-73.95779",6.916666666666667,1531155600,109,
210,"40.718822,-73.99596|40.714215,-73.981346",8.216666666666667,1531152000,101,
211,"40.718822,-73.99596|40.71427487,-73.98990025",5.575,1531152000,118,
212,"40.718822,-73.99596|40.71739973,-73.98016555",11.041666666666666,1531148400,142,
213,"40.718822,-73.99596|40.72743423,-73.99379025",6.075,1531139400,108,
214,"40.71893904,-73.99266288|40.722055,-73.989111",2.925,1531150200,102,
215,"40.71893904,-73.99266288|40.72229346,-73.99147535",2.2333333333333334,1531148400,115,
216,"40.7190095,-73.95852515|40.72311651,-73.95212324",3.2,1531152000,151,
217,"40.7190095,-73.95852515|40.72606,-73.95621",3.558333333333333,1531155600,266,
218,"40.7190095,-73.95852515|40.72708584,-73.95299117",5.158333333333333,1531155600,102,
219,"40.7190095,-73.95852515|40.72906,-73.95779",5.7,1531155600,171,
220,"40.7190095,-73.95852515|40.73266,-73.95826",7.116666666666666,1531159200,113,
221,"40.71907891179564,-73.94223690032959|40.715143,-73.944507",3.05,1531126800,404,
222,"40.71929301,-73.94500379|40.715143,-73.944507",2.2666666666666666,1531126800,132,
223,"40.72019521437465,-74.0103006362915|40.71291224,-74.01020234",4.3,1531155600,133,
224,"40.72019521437465,-74.0103006362915|40.71485150526252,-74.01122331619263",3.216666666666667,1531144800,167,
225,"40.72019521437465,-74.0103006362915|40.7153379,-74.01658354",4.716666666666667,1531152000,273,
226,"40.72019521437465,-74.0103006362915|40.71625008,-74.0091059",2.316666666666667,1531144800,131,
227,"40.72019576,-73.98997825|40.72210378668603,-73.99724900722505",4.6,1531137600,112,
228,"40.72019576,-73.98997825|40.72430527250332,-73.99600982666016",4.65,1531121400,106,
229,"40.72019576,-73.98997825|40.72710258,-74.00297088",7.216666666666667,1531130400,105,
230,"40.72036775298455,-73.96165072917937|40.72906,-73.95779",4.933333333333334,1531148400,110,
231,"40.72066442,-73.98517977|40.72430527250332,-73.99600982666016",6.616666666666666,1531126800,137,
232,"40.7208736,-73.98085795|40.72307749068673,-73.98583620786667",2.6,1531123200,106,
233,"40.72146256229816,-73.94800901412964|40.71774592,-73.95600096",4.283333333333333,1531126800,133,
234,"40.72165481,-74.00234737|40.718822,-73.99596",3.716666666666667,1531148400,127,
235,"40.72179134,-73.95041540000003|40.71774592,-73.95600096",3.0,1531134000,227,
236,"40.72210378668603,-73.99724900722505|40.718822,-73.99596",3.05,1531144800,115,
237,"40.72210378668603,-73.99724900722505|40.72710258,-74.00297088",4.891666666666667,1531144800,134,
238,"40.72210378668603,-73.99724900722505|40.72743423,-73.99379025",3.566666666666667,1531152000,185,
239,"40.72210378668603,-73.99724900722505|40.73020660529954,-73.99102628231049",5.358333333333333,1531144800,158,
240,"40.72210378668603,-73.99724900722505|40.73454567,-73.99074142",7.591666666666667,1531141200,122,
241,"40.72217444,-73.98368779|40.72743423,-73.99379025",5.391666666666667,1531148400,164,
242,"40.72229346,-73.99147535|40.71605866,-73.99190759",5.1,1531152000,122,
243,"40.72229346,-73.99147535|40.71893904,-73.99266288",2.4166666666666665,1531155600,178,
244,"40.72229346,-73.99147535|40.72066442,-73.98517977",3.45,1531152000,130,
245,"40.72243797,-74.00566443|40.71291224,-74.01020234",6.583333333333333,1531155600,251,
246,"40.72243797,-74.00566443|40.71754834,-74.01322069",7.291666666666667,1531159200,110,
247,"40.72243797,-74.00566443|40.718822,-73.99596",5.033333333333333,1531152000,136,
248,"40.72299208,-73.97995466|40.729514962249496,-73.99075269699097",6.866666666666666,1531123200,127,
249,"40.72307749068673,-73.98583620786667|40.72743423,-73.99379025",4.583333333333333,1531134000,107,
250,"40.72311651,-73.95212324|40.71774592,-73.95600096",3.9583333333333335,1531134000,298,
251,"40.72317958,-73.99480012|40.72317958,-73.99480012",15.383333333333333,1531141200,119,
252,"40.72317958,-73.99480012|40.72710258,-74.00297088",4.825,1531148400,124,
253,"40.72325,-73.94308000000002|40.715143,-73.944507",5.516666666666667,1531123200,195,
254,"40.72325,-73.94308000000002|40.71774592,-73.95600096",6.3,1531130400,156,
255,"40.7239567849954,-73.94984364509583|40.71774592,-73.95600096",4.3,1531126800,162,
256,"40.7239567849954,-73.94984364509583|40.72557000000001,-73.94434",3.25,1531155600,158,
257,"40.72405549,-74.00965965|40.71754834,-74.01322069",4.791666666666667,1531144800,152,
258,"40.72405549,-74.00965965|40.73291553,-74.00711384",5.558333333333334,1531155600,102,
259,"40.72430527250332,-73.99600982666016|40.72066442,-73.98517977",6.791666666666667,1531152000,104,
260,"40.72430527250332,-73.99600982666016|40.72743423,-73.99379025",2.316666666666667,1531148400,101,
261,"40.72430527250332,-73.99600982666016|40.73020660529954,-73.99102628231049",4.075,1531148400,148,
262,"40.72430527250332,-73.99600982666016|40.73454567,-73.99074142",6.483333333333333,1531148400,129,
263,"40.72430527250332,-73.99600982666016|40.73704984,-73.99009296",8.166666666666666,1531144800,129,
264,"40.72453734,-73.98185424|40.72743423,-73.99379025",6.683333333333334,1531137600,115,
265,"40.72453734,-73.98185424|40.729514962249496,-73.99075269699097",5.65,1531130400,251,
266,"40.724812564400175,-73.94752621650694|40.71774592,-73.95600096",5.75,1531130400,211,
267,"40.72521311,-73.97768752|40.729514962249496,-73.99075269699097",7.216666666666667,1531123200,124,
268,"40.72521311,-73.97768752|40.73020660529954,-73.99102628231049",6.933333333333334,1531123200,161,
269,"40.72521311,-73.97768752|40.73454567,-73.99074142",8.516666666666667,1531123200,182,
270,"40.7252556952547,-74.00412082672119|40.73038599,-74.00214988",3.375,1531141200,116,
271,"40.72557000000001,-73.94434|40.71774592,-73.95600096",6.783333333333333,1531130400,147,
272,"40.72557000000001,-73.94434|40.7239567849954,-73.94984364509583",3.0166666666666666,1531123200,168,
273,"40.72606,-73.95621|40.71774592,-73.95600096",5.366666666666666,1531137600,130,
274,"40.72606,-73.95621|40.7190095,-73.95852515",4.583333333333333,1531126800,197,
275,"40.72621788,-73.98379855|40.72743423,-73.99379025",5.466666666666667,1531141200,136,
276,"40.72621788,-73.98379855|40.729514962249496,-73.99075269699097",4.116666666666666,1531134000,590,
277,"40.72621788,-73.98379855|40.73020660529954,-73.99102628231049",4.675,1531141200,132,
278,"40.72621788,-73.98379855|40.73454567,-73.99074142",6.966666666666667,1531141200,175,
279,"40.72621788,-73.98379855|40.73704984,-73.99009296",8.25,1531130400,103,
280,"40.7262807,-73.98978041|40.729514962249496,-73.99075269699097",2.6166666666666667,1531128600,126,
281,"40.72708584,-73.95299117|40.71774592,-73.95600096",5.683333333333334,1531130400,149,
282,"40.72710258,-74.00297088|40.72210378668603,-73.99724900722505",5.366666666666666,1531141200,113,
283,"40.72710258,-74.00297088|40.73492695,-73.99200509",7.916666666666667,1531144800,106,
284,"40.72710258,-74.00297088|40.74173969,-73.99415556",8.641666666666667,1531141200,136,
285,"40.72740794,-73.98142006|40.72740794,-73.98142006",12.75,1531148400,118,
286,"40.72740794,-73.98142006|40.729514962249496,-73.99075269699097",5.516666666666667,1531134000,144,
287,"40.72740794,-73.98142006|40.73020660529954,-73.99102628231049",5.05,1531126800,285,
288,"40.72740794,-73.98142006|40.73454567,-73.99074142",6.883333333333334,1531134000,225,
289,"40.72743423,-73.99379025|40.72217444,-73.98368779",6.316666666666666,1531148400,122,
290,"40.72743423,-73.99379025|40.72621788,-73.98379855",5.5,1531152000,112,
291,"40.72743423,-73.99379025|40.72710258,-74.00297088",5.55,1531141200,117,
292,"40.72743423,-73.99379025|40.72779126,-73.98564945",4.533333333333333,1531144800,103,
293,"40.72743423,-73.99379025|40.72917025,-73.99810231",2.35,1531152000,107,
294,"40.72743423,-73.99379025|40.73020660529954,-73.99102628231049",2.191666666666667,1531144800,168,
295,"40.72743423,-73.99379025|40.73038599,-74.00214988",4.55,1531135800,158,
296,"40.72743423,-73.99379025|40.73223272,-73.98889957",3.775,1531148400,138,
297,"40.72743423,-73.99379025|40.73454567,-73.99074142",4.616666666666666,1531148400,195,
298,"40.72743423,-73.99379025|40.73704984,-73.99009296",5.983333333333333,1531144800,145,
299,"40.72743423,-73.99379025|40.74034320000001,-73.98955109",7.666666666666667,1531139400,106,
300,"40.7277140777778,-74.01129573583603|40.711512,-74.01575600000002",9.816666666666666,1531155600,149,
301,"40.7277140777778,-74.01129573583603|40.7153379,-74.01658354",7.383333333333334,1531152000,124,
302,"40.7277140777778,-74.01129573583603|40.71754834,-74.01322069",5.383333333333334,1531155600,323,
303,"40.7277140777778,-74.01129573583603|40.76087502,-74.00277668",16.05,1531152000,129,
304,"40.72779126,-73.98564945|40.73020660529954,-73.99102628231049",3.6166666666666667,1531141200,151,
305,"40.72779126,-73.98564945|40.73454567,-73.99074142",6.133333333333334,1531141200,182,
306,"40.728048571362606,-73.97881150245668|40.72955361,-73.98057249",1.475,1531155600,144,
307,"40.728048571362606,-73.97881150245668|40.73454567,-73.99074142",7.066666666666666,1531126800,230,
308,"40.7284186,-73.98713956|40.729514962249496,-73.99075269699097",2.1083333333333334,1531159200,122,
309,"40.728846,-74.00859100000002|40.7153379,-74.01658354",9.083333333333334,1531141200,133,
310,"40.728846,-74.00859100000002|40.71754834,-74.01322069",6.875,1531126800,298,
311,"40.728846,-74.00859100000002|40.73038599,-74.00214988",3.95,1531144800,106,
312,"40.728846,-74.00859100000002|40.73291553,-74.00711384",2.8,1531148400,165,
313,"40.72906,-73.95779|40.7190095,-73.95852515",6.441666666666666,1531155600,168,
314,"40.72906,-73.95779|40.72036775298455,-73.96165072917937",4.991666666666666,1531148400,142,
315,"40.72917025,-73.99810231|40.73454567,-73.99074142",5.4,1531141200,135,
316,"40.72917025,-73.99810231|40.73492695,-73.99200509",4.366666666666666,1531148400,196,
317,"40.729514962249496,-73.99075269699097|40.72453734,-73.98185424",5.033333333333333,1531152000,284,
318,"40.729514962249496,-73.99075269699097|40.72521311,-73.97768752",7.258333333333334,1531155600,112,
319,"40.729514962249496,-73.99075269699097|40.72621788,-73.98379855",4.15,1531155600,253,
320,"40.729514962249496,-73.99075269699097|40.7262807,-73.98978041",2.566666666666667,1531152000,112,
321,"40.729514962249496,-73.99075269699097|40.72740794,-73.98142006",5.283333333333333,1531162800,223,
322,"40.729514962249496,-73.99075269699097|40.72779126,-73.98564945",2.6666666666666665,1531150200,124,
323,"40.729514962249496,-73.99075269699097|40.73454567,-73.99074142",3.316666666666667,1531152000,130,
324,"40.729514962249496,-73.99075269699097|40.73704984,-73.99009296",4.65,1531141200,109,
325,"40.72953837,-73.98426726|40.73454567,-73.99074142",5.333333333333333,1531148400,165,
326,"40.72955361,-73.98057249|40.73223272,-73.98889957",4.583333333333333,1531152000,111,
327,"40.72955361,-73.98057249|40.73454567,-73.99074142",5.875,1531130400,250,
328,"40.72955361,-73.98057249|40.73492695,-73.99200509",6.383333333333334,1531135800,128,
329,"40.73020660529954,-73.99102628231049|40.72621788,-73.98379855",4.475,1531152000,158,
330,"40.73020660529954,-73.99102628231049|40.72740794,-73.98142006",5.133333333333334,1531159200,236,
331,"40.73020660529954,-73.99102628231049|40.72779126,-73.98564945",2.8833333333333333,1531155600,132,
332,"40.73020660529954,-73.99102628231049|40.73454567,-73.99074142",2.9,1531144800,223,
333,"40.73020660529954,-73.99102628231049|40.73704984,-73.99009296",4.35,1531141200,212,
334,"40.73020660529954,-73.99102628231049|40.74034320000001,-73.98955109",6.466666666666667,1531130400,141,
335,"40.73020660529954,-73.99102628231049|40.74173969,-73.99415556",8.85,1531141200,127,
336,"40.73026,-73.95394|40.74232744,-73.95411749",7.85,1531130400,103,
337,"40.73038599,-74.00214988|40.71754834,-74.01322069",9.141666666666667,1531126800,144,
338,"40.73038599,-74.00214988|40.72210378668603,-73.99724900722505",8.816666666666666,1531141200,107,
339,"40.73038599,-74.00214988|40.72706363348306,-73.99662137031554",3.55,1531144800,193,
340,"40.73038599,-74.00214988|40.728846,-74.00859100000002",3.658333333333333,1531139400,106,
341,"40.73038599,-74.00214988|40.73172428,-74.00674436",3.2333333333333334,1531143000,158,
342,"40.73038599,-74.00214988|40.73291553,-74.00711384",3.908333333333333,1531144800,106,
343,"40.73038599,-74.00214988|40.73492695,-73.99200509",6.75,1531152000,108,
344,"40.73038599,-74.00214988|40.73649403,-73.99704374",3.8833333333333333,1531148400,107,
345,"40.73038599,-74.00214988|40.73971301,-73.99456405",6.25,1531141200,120,
346,"40.73038599,-74.00214988|40.74034320000001,-73.98955109",8.758333333333333,1531130400,124,
347,"40.73038599,-74.00214988|40.74173969,-73.99415556",7.108333333333333,1531144800,186,
348,"40.73047309,-73.98672378|40.73454567,-73.99074142",3.6666666666666665,1531137600,193,
349,"40.73047747,-73.99906065|40.73492695,-73.99200509",4.791666666666667,1531148400,146,
350,"40.73143724085228,-73.99490341544151|40.73223272,-73.98889957",3.8666666666666667,1531148400,121,
351,"40.73143724085228,-73.99490341544151|40.73454567,-73.99074142",3.525,1531146600,108,
352,"40.73143724085228,-73.99490341544151|40.73492695,-73.99200509",2.55,1531152000,328,
353,"40.73172428,-74.00674436|40.71754834,-74.01322069",8.55,1531126800,180,
354,"40.73172428,-74.00674436|40.73038599,-74.00214988",3.316666666666667,1531141200,106,
355,"40.73172428,-74.00674436|40.73652889,-74.00618026",3.1333333333333333,1531141200,132,
356,"40.73172428,-74.00674436|40.74475148,-73.99915362",7.725,1531144800,108,
357,"40.73172428,-74.00674436|40.74691959,-74.00451887",9.625,1531130400,118,
358,"40.73172428,-74.00674436|40.74734825,-73.99723551",9.533333333333333,1531152000,110,
359,"40.73221853,-73.98165557|40.7262807,-73.98978041",6.083333333333333,1531148400,111,
360,"40.73221853,-73.98165557|40.73314259,-73.97573881",3.25,1531155600,223,
361,"40.73221853,-73.98165557|40.734232,-73.986923",3.05,1531144800,194,
362,"40.73221853,-73.98165557|40.73454567,-73.99074142",5.316666666666666,1531141200,115,
363,"40.73221853,-73.98165557|40.736502,-73.97809472",2.7333333333333334,1531137600,169,
364,"40.73221853,-73.98165557|40.73704984,-73.99009296",5.3,1531144800,140,
365,"40.73221853,-73.98165557|40.7381765,-73.97738662",4.133333333333334,1531144800,127,
366,"40.73221853,-73.98165557|40.739445,-73.97680600000002",4.35,1531119600,159,
367,"40.73221853,-73.98165557|40.74034320000001,-73.98955109",7.458333333333333,1531126800,112,
368,"40.73221853,-73.98165557|40.74144387,-73.97536082",5.4,1531134000,172,
369,"40.73223272,-73.98889957|40.72621788,-73.98379855",5.95,1531152000,108,
370,"40.73223272,-73.98889957|40.72740794,-73.98142006",5.483333333333333,1531162800,161,
371,"40.73223272,-73.98889957|40.728048571362606,-73.97881150245668",5.491666666666666,1531155600,152,
372,"40.73223272,-73.98889957|40.72955361,-73.98057249",4.675,1531159200,138,
373,"40.73224119,-74.00026394|40.74173969,-73.99415556",6.166666666666667,1531130400,104,
374,"40.73226398,-73.99852205|40.73492695,-73.99200509",4.241666666666666,1531141200,108,
375,"40.73266,-73.95826|40.74232744,-73.95411749",7.6,1531123200,139,
376,"40.73291553,-74.00711384|40.711512,-74.01575600000002",12.75,1531148400,111,
377,"40.73291553,-74.00711384|40.7153379,-74.01658354",10.25,1531137600,127,
378,"40.73291553,-74.00711384|40.71754834,-74.01322069",8.616666666666667,1531141200,237,
379,"40.73291553,-74.00711384|40.72019521437465,-74.0103006362915",7.783333333333333,1531128600,108,
380,"40.73291553,-74.00711384|40.72243797,-74.00566443",6.8,1531126800,116,
381,"40.73291553,-74.00711384|40.72405549,-74.00965965",5.233333333333333,1531123200,181,
382,"40.73291553,-74.00711384|40.72706363348306,-73.99662137031554",7.083333333333333,1531144800,115,
383,"40.73291553,-74.00711384|40.728846,-74.00859100000002",3.125,1531144800,160,
384,"40.73291553,-74.00711384|40.73038599,-74.00214988",3.95,1531144800,142,
385,"40.73291553,-74.00711384|40.739323,-74.008119",4.616666666666666,1531130400,216,
386,"40.73291553,-74.00711384|40.742753828659026,-74.00747358798982",6.716666666666667,1531123200,120,
387,"40.73291553,-74.00711384|40.74334935,-74.00681753",7.766666666666667,1531134000,132,
388,"40.73291553,-74.00711384|40.74475148,-73.99915362",7.5,1531155600,129,
389,"40.73291553,-74.00711384|40.74691959,-74.00451887",10.233333333333333,1531148400,112,
390,"40.73314259,-73.97573881|40.73221853,-73.98165557",3.7333333333333334,1531141200,161,
391,"40.73314259,-73.97573881|40.73381219196632,-73.9805442094803",2.816666666666667,1531152000,122,
392,"40.73314259,-73.97573881|40.734232,-73.986923",6.233333333333333,1531144800,121,
393,"40.73314259,-73.97573881|40.736502,-73.97809472",3.0,1531137600,218,
394,"40.73314259,-73.97573881|40.73704984,-73.99009296",8.633333333333333,1531130400,117,
395,"40.73314259,-73.97573881|40.73827428,-73.98751968",6.566666666666666,1531126800,102,
396,"40.73314259,-73.97573881|40.74034320000001,-73.98955109",7.566666666666666,1531126800,214,
397,"40.73314259,-73.97573881|40.74173969,-73.99415556",9.7,1531126800,136,
398,"40.73381219196632,-73.9805442094803|40.73314259,-73.97573881",2.433333333333333,1531155600,154,
399,"40.73381219196632,-73.9805442094803|40.734232,-73.986923",3.716666666666667,1531148400,142,
400,"40.73381219196632,-73.9805442094803|40.73704984,-73.99009296",5.183333333333334,1531123200,164,
401,"40.73381219196632,-73.9805442094803|40.74034320000001,-73.98955109",6.583333333333333,1531137600,105,
402,"40.73381219196632,-73.9805442094803|40.74144387,-73.97536082",4.833333333333333,1531137600,113,
403,"40.734232,-73.986923|40.73221853,-73.98165557",4.0,1531155600,115,
404,"40.734232,-73.986923|40.73314259,-73.97573881",6.133333333333334,1531152000,126,
405,"40.734232,-73.986923|40.73381219196632,-73.9805442094803",4.016666666666667,1531150200,150,
406,"40.734232,-73.986923|40.73704984,-73.99009296",2.941666666666667,1531132200,122,
407,"40.734232,-73.986923|40.74025878,-73.98409214",5.216666666666667,1531144800,111,
408,"40.734232,-73.986923|40.74034320000001,-73.98955109",5.2,1531130400,107,
409,"40.73454567,-73.99074142|40.72210378668603,-73.99724900722505",8.15,1531155600,111,
410,"40.73454567,-73.99074142|40.72430527250332,-73.99600982666016",7.175,1531148400,102,
411,"40.73454567,-73.99074142|40.72453734,-73.98185424",8.3,1531152000,119,
412,"40.73454567,-73.99074142|40.72521311,-73.97768752",8.433333333333334,1531152000,161,
413,"40.73454567,-73.99074142|40.72621788,-73.98379855",7.183333333333334,1531159200,147,
414,"40.73454567,-73.99074142|40.7262807,-73.98978041",6.016666666666667,1531152000,109,
415,"40.73454567,-73.99074142|40.72740794,-73.98142006",6.591666666666667,1531159200,276,
416,"40.73454567,-73.99074142|40.72743423,-73.99379025",4.566666666666666,1531144800,145,
417,"40.73454567,-73.99074142|40.72779126,-73.98564945",5.658333333333333,1531155600,152,
418,"40.73454567,-73.99074142|40.728048571362606,-73.97881150245668",6.966666666666667,1531152000,162,
419,"40.73454567,-73.99074142|40.7284186,-73.98713956",5.216666666666667,1531155600,108,
420,"40.73454567,-73.99074142|40.72903917,-73.99404649",3.2583333333333333,1531144800,254,
421,"40.73454567,-73.99074142|40.72917025,-73.99810231",5.816666666666666,1531155600,117,
422,"40.73454567,-73.99074142|40.729514962249496,-73.99075269699097",3.683333333333333,1531148400,181,
423,"40.73454567,-73.99074142|40.72953837,-73.98426726",5.8,1531155600,105,
424,"40.73454567,-73.99074142|40.72955361,-73.98057249",6.366666666666666,1531155600,152,
425,"40.73454567,-73.99074142|40.73020660529954,-73.99102628231049",2.841666666666667,1531144800,188,
426,"40.73454567,-73.99074142|40.73143724085228,-73.99490341544151",3.466666666666667,1531148400,117,
427,"40.73454567,-73.99074142|40.73649403,-73.99704374",3.1,1531155600,134,
428,"40.73454567,-73.99074142|40.73781509,-73.99994661",4.366666666666666,1531148400,128,
429,"40.73492695,-73.99200509|40.73047747,-73.99906065",5.841666666666667,1531148400,118,
430,"40.73492695,-73.99200509|40.73143724085228,-73.99490341544151",2.966666666666667,1531148400,146,
431,"40.73492695,-73.99200509|40.73649403,-73.99704374",2.6666666666666665,1531148400,122,
432,"40.73492695,-73.99200509|40.73781509,-73.99994661",3.6,1531144800,173,
433,"40.73492695,-73.99200509|40.74173969,-73.99415556",5.9,1531148400,139,
434,"40.735238,-74.000271|40.73020660529954,-73.99102628231049",5.25,1531144800,119,
435,"40.735238,-74.000271|40.73492695,-73.99200509",4.916666666666667,1531148400,111,
436,"40.735238,-74.000271|40.735238,-74.000271",21.308333333333334,1531148400,366,
437,"40.735238,-74.000271|40.73971301,-73.99456405",3.933333333333333,1531137600,116,
438,"40.73532427,-73.99800419|40.74173969,-73.99415556",4.541666666666667,1531144800,148,
439,"40.735367055605394,-73.98797392845155|40.749156,-73.9916",10.008333333333333,1531148400,126,
440,"40.735367055605394,-73.98797392845155|40.751873,-73.97770600000003",10.583333333333334,1531152000,119,
441,"40.73555,-73.95284000000002|40.74232744,-73.95411749",5.15,1531123200,287,
442,"40.73587678,-73.98205027|40.734232,-73.986923",3.2333333333333334,1531144800,113,
443,"40.73587678,-73.98205027|40.73704984,-73.99009296",5.083333333333333,1531141200,115,
444,"40.73587678,-73.98205027|40.74034320000001,-73.98955109",5.425,1531126800,146,
445,"40.73587678,-73.98205027|40.74173969,-73.99415556",6.783333333333333,1531141200,103,
446,"40.73624527,-73.98473765|40.73704984,-73.99009296",3.566666666666667,1531126800,131,
447,"40.73649403,-73.99704374|40.74173969,-73.99415556",3.8333333333333335,1531144800,159,
448,"40.736502,-73.97809472|40.73221853,-73.98165557",3.1416666666666666,1531143000,116,
449,"40.736502,-73.97809472|40.73314259,-73.97573881",3.1666666666666665,1531148400,126,
450,"40.736502,-73.97809472|40.74034320000001,-73.98955109",6.95,1531128600,142,
451,"40.736502,-73.97809472|40.74096374,-73.98602213",5.516666666666667,1531123200,119,
452,"40.736502,-73.97809472|40.74173969,-73.99415556",8.166666666666666,1531141200,114,
453,"40.736502,-73.97809472|40.751873,-73.97770600000003",10.833333333333334,1531130400,108,
454,"40.73652889,-74.00618026|40.73038599,-74.00214988",4.583333333333333,1531141200,101,
455,"40.73652889,-74.00618026|40.74173969,-73.99415556",8.383333333333333,1531137600,116,
456,"40.73652889,-74.00618026|40.74475148,-73.99915362",5.908333333333333,1531144800,140,
457,"40.73704984,-73.99009296|40.72740794,-73.98142006",8.633333333333333,1531159200,125,
458,"40.73704984,-73.99009296|40.73020660529954,-73.99102628231049",4.55,1531148400,125,
459,"40.73704984,-73.99009296|40.73221853,-73.98165557",6.2,1531152000,134,
460,"40.73704984,-73.99009296|40.73381219196632,-73.9805442094803",5.516666666666667,1531148400,196,
461,"40.73704984,-73.99009296|40.73587678,-73.98205027",5.033333333333333,1531152000,140,
462,"40.73704984,-73.99009296|40.73624527,-73.98473765",3.783333333333333,1531148400,136,
463,"40.73704984,-73.99009296|40.736502,-73.97809472",7.483333333333333,1531148400,117,
464,"40.73704984,-73.99009296|40.73935542,-73.99931783",5.083333333333333,1531144800,193,
465,"40.73704984,-73.99009296|40.73971301,-73.99456405",3.625,1531144800,150,
466,"40.73704984,-73.99009296|40.74025878,-73.98409214",4.75,1531144800,113,
467,"40.73704984,-73.99009296|40.74034320000001,-73.98955109",2.433333333333333,1531130400,134,
468,"40.73704984,-73.99009296|40.74173969,-73.99415556",4.758333333333334,1531141200,186,
469,"40.73704984,-73.99009296|40.7429489166009,-74.00413691997528",6.625,1531134000,162,
470,"40.73704984,-73.99009296|40.74475148,-73.99915362",7.65,1531148400,135,
471,"40.73704984,-73.99009296|40.746647,-73.993915",8.85,1531143000,110,
472,"40.73704984,-73.99009296|40.74691959,-74.00451887",9.716666666666667,1531134000,129,
473,"40.73704984,-73.99009296|40.74901271,-73.98848395",10.308333333333334,1531141200,104,
474,"40.73704984,-73.99009296|40.749156,-73.9916",8.408333333333333,1531150200,134,
475,"40.73704984,-73.99009296|40.751873,-73.97770600000003",10.116666666666667,1531152000,209,
476,"40.73726186,-73.99238967|40.73038599,-74.00214988",7.183333333333334,1531144800,108,
477,"40.73726186,-73.99238967|40.73935542,-73.99931783",3.841666666666667,1531148400,170,
478,"40.73726186,-73.99238967|40.74173969,-73.99415556",4.866666666666666,1531148400,104,
479,"40.73781509,-73.99994661|40.73223272,-73.98889957",6.516666666666667,1531155600,102,
480,"40.73781509,-73.99994661|40.73492695,-73.99200509",4.716666666666667,1531144800,149,
481,"40.73781509,-73.99994661|40.73543934,-73.99453948",2.9833333333333334,1531137600,104,
482,"40.73781509,-73.99994661|40.74173969,-73.99415556",4.533333333333333,1531134000,107,
483,"40.7381765,-73.97738662|40.74096374,-73.98602213",6.466666666666667,1531132200,102,
484,"40.7381765,-73.97738662|40.74144387,-73.97536082",2.7083333333333335,1531134000,132,
485,"40.73827428,-73.98751968|40.73314259,-73.97573881",5.833333333333333,1531152000,115,
486,"40.73827428,-73.98751968|40.73587678,-73.98205027",3.183333333333333,1531152000,120,
487,"40.73827428,-73.98751968|40.749156,-73.9916",7.883333333333334,1531152000,116,
488,"40.73827428,-73.98751968|40.751873,-73.97770600000003",8.45,1531152000,171,
489,"40.73912601,-73.97973776|40.73047309,-73.98672378",6.633333333333334,1531144800,106,
490,"40.73912601,-73.97973776|40.73221853,-73.98165557",5.483333333333333,1531152000,105,
491,"40.73912601,-73.97973776|40.749156,-73.9916",10.116666666666667,1531148400,105,
492,"40.739323,-74.008119|40.71754834,-74.01322069",10.816666666666666,1531130400,231,
493,"40.739323,-74.008119|40.73291553,-74.00711384",4.25,1531152000,260,
494,"40.73935542,-73.99931783|40.73038599,-74.00214988",5.725,1531152000,114,
495,"40.73935542,-73.99931783|40.73172428,-74.00674436",5.75,1531134000,141,
496,"40.73935542,-73.99931783|40.73454567,-73.99074142",5.933333333333334,1531144800,103,
497,"40.73935542,-73.99931783|40.73492695,-73.99200509",5.933333333333334,1531148400,111,
498,"40.73935542,-73.99931783|40.735238,-74.000271",2.7333333333333334,1531144800,124,
499,"40.73935542,-73.99931783|40.73726186,-73.99238967",4.333333333333333,1531144800,225,
500,"40.73935542,-73.99931783|40.74034320000001,-73.98955109",6.108333333333333,1531128600,168,
501,"40.73935542,-73.99931783|40.74173969,-73.99415556",4.133333333333334,1531146600,182,
502,"40.73935542,-73.99931783|40.742753828659026,-74.00747358798982",3.4916666666666667,1531144800,200,
503,"40.73935542,-73.99931783|40.74334935,-74.00681753",4.166666666666667,1531141200,174,
504,"40.73935542,-73.99931783|40.74475148,-73.99915362",4.458333333333333,1531148400,148,
505,"40.73935542,-73.99931783|40.7454973,-74.00197139",4.633333333333334,1531144800,132,
506,"40.73935542,-73.99931783|40.74691959,-74.00451887",6.141666666666667,1531143000,198,
507,"40.73935542,-73.99931783|40.751873,-73.97770600000003",15.083333333333334,1531155600,103,
508,"40.739445,-73.97680600000002|40.749156,-73.9916",10.333333333333334,1531144800,155,
509,"40.73971301,-73.99456405|40.73381219196632,-73.9805442094803",7.0,1531152000,112,
510,"40.73971301,-73.99456405|40.73704984,-73.99009296",3.15,1531152000,175,
511,"40.73971301,-73.99456405|40.74901271,-73.98848395",6.775,1531144800,200,
512,"40.73971301,-73.99456405|40.749156,-73.9916",7.066666666666666,1531152000,117,
513,"40.73971301,-73.99456405|40.751873,-73.97770600000003",12.2,1531152000,188,
514,"40.74025878,-73.98409214|40.73704984,-73.99009296",5.108333333333333,1531148400,124,
515,"40.74025878,-73.98409214|40.74096374,-73.98602213",1.85,1531152000,118,
516,"40.74025878,-73.98409214|40.74173969,-73.99415556",5.766666666666667,1531144800,125,
517,"40.74025878,-73.98409214|40.749156,-73.9916",7.858333333333333,1531148400,220,
518,"40.74025878,-73.98409214|40.751873,-73.97770600000003",7.95,1531148400,178,
519,"40.74034320000001,-73.98955109|40.72710258,-74.00297088",10.566666666666666,1531152000,111,
520,"40.74034320000001,-73.98955109|40.72740794,-73.98142006",10.566666666666666,1531159200,104,
521,"40.74034320000001,-73.98955109|40.73314259,-73.97573881",7.008333333333334,1531152000,138,
522,"40.74034320000001,-73.98955109|40.73454567,-73.99074142",4.366666666666666,1531152000,190,
523,"40.74034320000001,-73.98955109|40.73492695,-73.99200509",4.016666666666667,1531148400,125,
524,"40.74034320000001,-73.98955109|40.73587678,-73.98205027",4.85,1531152000,151,
525,"40.74034320000001,-73.98955109|40.736502,-73.97809472",6.016666666666667,1531148400,226,
526,"40.74034320000001,-73.98955109|40.73704984,-73.99009296",2.4833333333333334,1531152000,246,
527,"40.74034320000001,-73.98955109|40.73935542,-73.99931783",6.016666666666667,1531148400,193,
528,"40.74034320000001,-73.98955109|40.74173969,-73.99415556",2.9583333333333335,1531152000,144,
529,"40.74034320000001,-73.98955109|40.74475148,-73.99915362",5.816666666666666,1531152000,119,
530,"40.74034320000001,-73.98955109|40.7454973,-74.00197139",6.633333333333334,1531150200,134,
531,"40.74034320000001,-73.98955109|40.74691959,-74.00451887",8.083333333333334,1531155600,189,
532,"40.74034320000001,-73.98955109|40.749156,-73.9916",6.316666666666666,1531141200,117,
533,"40.74034320000001,-73.98955109|40.751873,-73.97770600000003",9.05,1531155600,255,
534,"40.74096374,-73.98602213|40.73912601,-73.97973776",3.783333333333333,1531137600,105,
535,"40.74096374,-73.98602213|40.749156,-73.9916",6.675,1531152000,160,
536,"40.74096374,-73.98602213|40.751581,-73.97791",7.483333333333333,1531141200,135,
537,"40.74096374,-73.98602213|40.751873,-73.97770600000003",7.783333333333333,1531152000,265,
538,"40.74096374,-73.98602213|40.75640548,-73.9900262",11.383333333333333,1531152000,123,
539,"40.74102150900266,-74.001384973526|40.73726186,-73.99238967",4.816666666666666,1531134000,117,
540,"40.74102150900266,-74.001384973526|40.7505853470215,-73.9946848154068",6.35,1531152000,113,
541,"40.74144387,-73.97536082|40.749156,-73.9916",9.183333333333334,1531152000,159,
542,"40.74144387,-73.97536082|40.75019995,-73.99093085",9.5,1531148400,117,
543,"40.74144387,-73.97536082|40.751873,-73.97770600000003",8.716666666666667,1531148400,133,
544,"40.74144387,-73.97536082|40.75640548,-73.9900262",15.508333333333333,1531143000,108,
545,"40.74173969,-73.99415556|40.73038599,-74.00214988",9.308333333333334,1531152000,104,
546,"40.74173969,-73.99415556|40.735238,-74.000271",5.933333333333334,1531144800,125,
547,"40.74173969,-73.99415556|40.73587678,-73.98205027",7.35,1531141200,131,
548,"40.74173969,-73.99415556|40.736502,-73.97809472",8.283333333333333,1531134000,113,
549,"40.74173969,-73.99415556|40.73652889,-74.00618026",8.666666666666666,1531144800,102,
550,"40.74173969,-73.99415556|40.73704984,-73.99009296",5.016666666666667,1531141200,107,
551,"40.74173969,-73.99415556|40.73781509,-73.99994661",4.466666666666667,1531148400,103,
552,"40.74173969,-73.99415556|40.739323,-74.008119",9.7,1531148400,101,
553,"40.74173969,-73.99415556|40.73935542,-73.99931783",3.7333333333333334,1531152000,322,
554,"40.74173969,-73.99415556|40.74034320000001,-73.98955109",3.375,1531143000,112,
555,"40.74173969,-73.99415556|40.74173969,-73.99415556",16.516666666666666,1531144800,103,
556,"40.74173969,-73.99415556|40.7429489166009,-74.00413691997528",5.483333333333333,1531152000,142,
557,"40.74173969,-73.99415556|40.7435337324616,-74.00367558002472",5.566666666666666,1531144800,117,
558,"40.74173969,-73.99415556|40.74475148,-73.99915362",3.6666666666666665,1531148400,325,
559,"40.74173969,-73.99415556|40.7454973,-74.00197139",4.191666666666666,1531144800,500,
560,"40.74173969,-73.99415556|40.746647,-73.993915",4.675,1531144800,108,
561,"40.74173969,-73.99415556|40.74691959,-74.00451887",5.7,1531141200,529,
562,"40.74173969,-73.99415556|40.74734825,-73.99723551",5.066666666666666,1531152000,152,
563,"40.74173969,-73.99415556|40.74901271,-73.98848395",5.175,1531144800,190,
564,"40.74173969,-73.99415556|40.749156,-73.9916",5.483333333333333,1531155600,138,
565,"40.74173969,-73.99415556|40.749717753,-74.002950346",7.416666666666667,1531137600,107,
566,"40.74173969,-73.99415556|40.75018156325681,-74.00218427181244",7.616666666666666,1531141200,151,
567,"40.74173969,-73.99415556|40.751873,-73.97770600000003",11.358333333333333,1531155600,226,
568,"40.74173969,-73.99415556|40.75513557,-73.98658032",10.016666666666667,1531126800,105,
569,"40.74232744,-73.95411749|40.73232194,-73.9550858",6.908333333333333,1531159200,122,
570,"40.74232744,-73.95411749|40.73266,-73.95826",7.516666666666667,1531155600,120,
571,"40.74232744,-73.95411749|40.73555,-73.95284000000002",5.083333333333333,1531159200,313,
572,"40.74232744,-73.95411749|40.745038,-73.957539",3.2666666666666666,1531155600,125,
573,"40.74232744,-73.95411749|40.74731,-73.95451",3.3,1531159200,211,
574,"40.742753828659026,-74.00747358798982|40.71754834,-74.01322069",13.283333333333333,1531152000,171,
575,"40.74286877312112,-73.98918628692627|40.73704984,-73.99009296",4.0,1531148400,171,
576,"40.74286877312112,-73.98918628692627|40.74487634,-73.99529885",3.566666666666667,1531148400,135,
577,"40.74286877312112,-73.98918628692627|40.749156,-73.9916",5.233333333333333,1531152000,108,
578,"40.74286877312112,-73.98918628692627|40.749717753,-74.002950346",6.45,1531137600,103,
579,"40.74286877312112,-73.98918628692627|40.751873,-73.97770600000003",8.95,1531155600,111,
580,"40.74286877312112,-73.98918628692627|40.75640548,-73.9900262",10.116666666666667,1531155600,103,
581,"40.74290902,-73.97706058|40.749156,-73.9916",7.883333333333334,1531152000,143,
582,"40.7429489166009,-74.00413691997528|40.74691959,-74.00451887",2.9,1531144800,114,
583,"40.7429489166009,-74.00413691997528|40.751873,-73.97770600000003",15.733333333333333,1531155600,115,
584,"40.74311555376486,-73.98215353488922|40.7462009,-73.98855723",4.45,1531134000,103,
585,"40.74311555376486,-73.98215353488922|40.749156,-73.9916",6.516666666666667,1531148400,141,
586,"40.74334935,-74.00681753|40.71754834,-74.01322069",12.833333333333334,1531143000,156,
587,"40.74334935,-74.00681753|40.73726186,-73.99238967",7.858333333333333,1531152000,174,
588,"40.74334935,-74.00681753|40.73935542,-73.99931783",4.483333333333333,1531148400,197,
589,"40.74334935,-74.00681753|40.74691959,-74.00451887",2.4166666666666665,1531141200,113,
590,"40.7435337324616,-74.00367558002472|40.73935542,-73.99931783",4.125,1531126800,110,
591,"40.74394314,-73.97966069|40.74025878,-73.98409214",3.1,1531141200,105,
592,"40.74394314,-73.97966069|40.74854862,-73.98808416",6.05,1531152000,105,
593,"40.74394314,-73.97966069|40.7489006,-73.97604882",3.8666666666666667,1531141200,105,
594,"40.74394314,-73.97966069|40.749156,-73.9916",6.5,1531148400,156,
595,"40.74395411,-73.99144871|40.73704984,-73.99009296",5.333333333333333,1531144800,105,
596,"40.74395411,-73.99144871|40.749717753,-74.002950346",5.4,1531126800,206,
597,"40.74395411,-73.99144871|40.75018156325681,-74.00218427181244",6.058333333333334,1531126800,212,
598,"40.74395411,-73.99144871|40.751873,-73.97770600000003",9.366666666666667,1531155600,198,
599,"40.744023,-73.976056|40.73912601,-73.97973776",3.4,1531152000,109,
600,"40.744023,-73.976056|40.74571210000001,-73.98194829",3.533333333333333,1531137600,147,
601,"40.744023,-73.976056|40.74854862,-73.98808416",6.916666666666667,1531152000,165,
602,"40.744023,-73.976056|40.75019995,-73.99093085",7.966666666666667,1531144800,219,
603,"40.744023,-73.976056|40.751873,-73.97770600000003",7.225,1531126800,152,
604,"40.744219,-73.97121214|40.751873,-73.97770600000003",8.258333333333333,1531141200,114,
605,"40.744219,-73.97121214|40.75510267,-73.97498696",8.75,1531119600,115,
606,"40.74444921,-73.98303529|40.749156,-73.9916",5.591666666666667,1531144800,122,
607,"40.74444921,-73.98303529|40.751873,-73.97770600000003",5.316666666666666,1531152000,349,
608,"40.74475148,-73.99915362|40.73704984,-73.99009296",7.65,1531144800,109,
609,"40.74475148,-73.99915362|40.74034320000001,-73.98955109",5.883333333333334,1531148400,184,
610,"40.74475148,-73.99915362|40.74173969,-73.99415556",3.933333333333333,1531144800,188,
611,"40.74475148,-73.99915362|40.74334935,-74.00681753",4.433333333333334,1531152000,111,
612,"40.74475148,-73.99915362|40.74475148,-73.99915362",20.916666666666668,1531148400,105,
613,"40.74475148,-73.99915362|40.74691959,-74.00451887",2.8666666666666667,1531148400,360,
614,"40.74475148,-73.99915362|40.74734825,-73.99723551",2.433333333333333,1531144800,171,
615,"40.74475148,-73.99915362|40.75018156325681,-74.00218427181244",5.141666666666667,1531155600,192,
616,"40.74475148,-73.99915362|40.751396,-74.00522600000002",5.683333333333334,1531146600,136,
617,"40.74475148,-73.99915362|40.751551,-73.993934",4.933333333333334,1531144800,110,
618,"40.74475148,-73.99915362|40.754623240291046,-73.99516761302948",7.816666666666666,1531153800,120,
619,"40.74475148,-73.99915362|40.75640548,-73.9900262",8.416666666666666,1531148400,125,
620,"40.74475148,-73.99915362|40.75929124,-73.98859651",10.333333333333334,1531155600,113,
621,"40.74487634,-73.99529885|40.73726186,-73.99238967",6.6,1531134000,101,
622,"40.74487634,-73.99529885|40.73781509,-73.99994661",4.983333333333333,1531148400,129,
623,"40.74487634,-73.99529885|40.73935542,-73.99931783",4.05,1531152000,243,
624,"40.74487634,-73.99529885|40.73971301,-73.99456405",4.5,1531139400,126,
625,"40.74487634,-73.99529885|40.74286877312112,-73.98918628692627",3.2666666666666666,1531144800,140,
626,"40.74487634,-73.99529885|40.7454973,-74.00197139",4.225,1531152000,162,
627,"40.74487634,-73.99529885|40.74691959,-74.00451887",5.483333333333333,1531152000,248,
628,"40.74487634,-73.99529885|40.749717753,-74.002950346",4.983333333333333,1531148400,128,
629,"40.74487634,-73.99529885|40.75018156325681,-74.00218427181244",5.433333333333334,1531155600,177,
630,"40.745038,-73.957539|40.74232744,-73.95411749",2.75,1531137600,139,
631,"40.7451677,-73.98683077|40.74034320000001,-73.98955109",3.3583333333333334,1531141200,116,
632,"40.7451677,-73.98683077|40.749156,-73.9916",3.775,1531148400,132,
633,"40.7451677,-73.98683077|40.751873,-73.97770600000003",7.258333333333334,1531155600,140,
634,"40.7451677,-73.98683077|40.75640548,-73.9900262",9.875,1531152000,114,
635,"40.7454973,-74.00197139|40.735238,-74.000271",8.183333333333334,1531144800,107,
636,"40.7454973,-74.00197139|40.73935542,-73.99931783",5.233333333333333,1531141200,163,
637,"40.7454973,-74.00197139|40.73971301,-73.99456405",5.841666666666667,1531137600,142,
638,"40.7454973,-74.00197139|40.74034320000001,-73.98955109",6.766666666666667,1531137600,125,
639,"40.7454973,-74.00197139|40.74173969,-73.99415556",4.933333333333334,1531141200,294,
640,"40.7454973,-74.00197139|40.74334935,-74.00681753",3.75,1531141200,101,
641,"40.7454973,-74.00197139|40.74475148,-73.99915362",1.2333333333333334,1531134000,180,
642,"40.74571210000001,-73.98194829|40.74144387,-73.97536082",4.391666666666667,1531130400,216,
643,"40.74571210000001,-73.98194829|40.74290902,-73.97706058",3.216666666666667,1531141200,180,
644,"40.74571210000001,-73.98194829|40.744023,-73.976056",3.2916666666666665,1531130400,224,
645,"40.74571210000001,-73.98194829|40.74854862,-73.98808416",4.216666666666667,1531137600,130,
646,"40.74571210000001,-73.98194829|40.749156,-73.9916",5.45,1531123200,191,
647,"40.74571210000001,-73.98194829|40.75019995,-73.99093085",5.85,1531150200,106,
648,"40.74571210000001,-73.98194829|40.751873,-73.97770600000003",4.508333333333334,1531137600,192,
649,"40.74571210000001,-73.98194829|40.75640548,-73.9900262",9.141666666666667,1531144800,106,
650,"40.7462009,-73.98855723|40.73704984,-73.99009296",5.916666666666667,1531141200,151,
651,"40.7462009,-73.98855723|40.74034320000001,-73.98955109",3.7666666666666666,1531134000,161,
652,"40.7462009,-73.98855723|40.74286877312112,-73.98918628692627",2.4833333333333334,1531144800,119,
653,"40.7462009,-73.98855723|40.751873,-73.97770600000003",8.058333333333334,1531152000,116,
654,"40.746647,-73.993915|40.73172428,-74.00674436",10.866666666666667,1531126800,106,
655,"40.746647,-73.993915|40.73935542,-73.99931783",5.3,1531144800,191,
656,"40.746647,-73.993915|40.73971301,-73.99456405",5.85,1531134000,112,
657,"40.746647,-73.993915|40.74034320000001,-73.98955109",5.75,1531126800,117,
658,"40.746647,-73.993915|40.74173969,-73.99415556",4.641666666666667,1531137600,106,
659,"40.746647,-73.993915|40.75018156325681,-74.00218427181244",5.35,1531134000,175,
660,"40.746647,-73.993915|40.751396,-74.00522600000002",6.466666666666667,1531141200,151,
661,"40.746647,-73.993915|40.751873,-73.97770600000003",10.925,1531155600,150,
662,"40.74691959,-74.00451887|40.71754834,-74.01322069",15.283333333333333,1531130400,171,
663,"40.74691959,-74.00451887|40.73291553,-74.00711384",10.875,1531144800,120,
664,"40.74691959,-74.00451887|40.73704984,-73.99009296",9.85,1531152000,117,
665,"40.74691959,-74.00451887|40.73726186,-73.99238967",9.483333333333333,1531141200,123,
666,"40.74691959,-74.00451887|40.73935542,-73.99931783",6.2,1531152000,211,
667,"40.74691959,-74.00451887|40.73971301,-73.99456405",7.7,1531141200,101,
668,"40.74691959,-74.00451887|40.74034320000001,-73.98955109",8.116666666666667,1531141200,285,
669,"40.74691959,-74.00451887|40.74173969,-73.99415556",6.075,1531144800,434,
670,"40.74691959,-74.00451887|40.74475148,-73.99915362",2.55,1531144800,492,
671,"40.74691959,-74.00451887|40.74487634,-73.99529885",5.0,1531148400,234,
672,"40.74691959,-74.00451887|40.7454973,-74.00197139",1.4,1531126800,106,
673,"40.74691959,-74.00451887|40.74734825,-73.99723551",4.608333333333333,1531148400,150,
674,"40.74691959,-74.00451887|40.751873,-73.97770600000003",16.55,1531143000,134,
675,"40.74708586,-73.94977234|40.74731,-73.95451",2.316666666666667,1531155600,167,
676,"40.74718234,-73.9432635|40.74731,-73.95451",5.541666666666667,1531144800,120,
677,"40.74731,-73.95451|40.74232744,-73.95411749",3.35,1531134000,221,
678,"40.74731,-73.95451|40.74708586,-73.94977234",2.4166666666666665,1531130400,165,
679,"40.74731,-73.95451|40.74718234,-73.9432635",5.883333333333334,1531141200,143,
680,"40.74731,-73.95451|40.74800000000001,-73.94609270000002",4.216666666666667,1531126800,180,
681,"40.74734825,-73.99723551|40.74691959,-74.00451887",4.475,1531130400,146,
682,"40.74734825,-73.99723551|40.749717753,-74.002950346",3.4,1531130400,194,
683,"40.74734825,-73.99723551|40.75018156325681,-74.00218427181244",3.25,1531148400,315,
684,"40.74734825,-73.99723551|40.751396,-74.00522600000002",4.55,1531130400,362,
685,"40.74734825,-73.99723551|40.751873,-73.97770600000003",11.866666666666667,1531155600,102,
686,"40.74734825,-73.99723551|40.75640548,-73.9900262",7.041666666666667,1531159200,120,
687,"40.74765947,-73.98490707|40.74034320000001,-73.98955109",4.991666666666666,1531141200,102,
688,"40.74765947,-73.98490707|40.74854862,-73.98808416",1.95,1531137600,109,
689,"40.74765947,-73.98490707|40.75019995,-73.99093085",3.3833333333333333,1531141200,161,
690,"40.74765947,-73.98490707|40.751873,-73.97770600000003",5.55,1531130400,182,
691,"40.74765947,-73.98490707|40.75640548,-73.9900262",8.283333333333333,1531155600,103,
692,"40.74780373,-73.97344190000003|40.73912601,-73.97973776",5.208333333333333,1531152000,118,
693,"40.74780373,-73.97344190000003|40.74290902,-73.97706058",3.183333333333333,1531155600,108,
694,"40.74780373,-73.97344190000003|40.75019995,-73.99093085",9.591666666666667,1531144800,114,
695,"40.74780373,-73.97344190000003|40.751873,-73.97770600000003",4.566666666666666,1531126800,129,
696,"40.74780373,-73.97344190000003|40.75640548,-73.9900262",9.7,1531148400,115,
697,"40.74800000000001,-73.94609270000002|40.74731,-73.95451",4.433333333333334,1531159200,111,
698,"40.74854862,-73.98808416|40.74034320000001,-73.98955109",6.025,1531150200,118,
699,"40.74854862,-73.98808416|40.74286877312112,-73.98918628692627",4.116666666666666,1531152000,174,
700,"40.74854862,-73.98808416|40.744023,-73.976056",6.358333333333333,1531144800,102,
701,"40.74854862,-73.98808416|40.74571210000001,-73.98194829",3.5083333333333333,1531126800,152,
702,"40.74854862,-73.98808416|40.751873,-73.97770600000003",7.266666666666667,1531146600,204,
703,"40.7489006,-73.97604882|40.75019995,-73.99093085",7.758333333333334,1531148400,174,
704,"40.7489006,-73.97604882|40.75510267,-73.97498696",4.591666666666667,1531123200,120,
705,"40.7489006,-73.97604882|40.75640548,-73.9900262",9.566666666666666,1531148400,113,
706,"40.74901271,-73.98848395|40.744023,-73.976056",6.225,1531144800,102,
707,"40.74901271,-73.98848395|40.74571210000001,-73.98194829",4.0,1531141200,111,
708,"40.74901271,-73.98848395|40.7489006,-73.97604882",7.633333333333334,1531130400,103,
709,"40.74901271,-73.98848395|40.751873,-73.97770600000003",7.35,1531155600,376,
710,"40.74901271,-73.98848395|40.752165280621966,-73.97992193698882",6.225,1531130400,128,
711,"40.74901271,-73.98848395|40.75510267,-73.97498696",9.316666666666666,1531123200,102,
712,"40.74901271,-73.98848395|40.75513557,-73.98658032",5.283333333333333,1531141200,148,
713,"40.74901271,-73.98848395|40.75527307,-73.98316936",5.7,1531134000,103,
714,"40.74901271,-73.98848395|40.75640548,-73.9900262",6.716666666666667,1531159200,155,
715,"40.74901271,-73.98848395|40.75668720603179,-73.98257732391356",5.766666666666667,1531141200,120,
716,"40.74901271,-73.98848395|40.76227205,-73.98788205",10.466666666666667,1531143000,112,
717,"40.749156,-73.9916|40.73704984,-73.99009296",8.408333333333333,1531135800,110,
718,"40.749156,-73.9916|40.73912601,-73.97973776",9.491666666666667,1531123200,118,
719,"40.749156,-73.9916|40.73935542,-73.99931783",6.758333333333334,1531152000,142,
720,"40.749156,-73.9916|40.739445,-73.97680600000002",9.316666666666666,1531119600,130,
721,"40.749156,-73.9916|40.74025878,-73.98409214",7.6,1531137600,170,
722,"40.749156,-73.9916|40.74034320000001,-73.98955109",6.5,1531130400,149,
723,"40.749156,-73.9916|40.74096374,-73.98602213",6.5,1531123200,149,
724,"40.749156,-73.9916|40.74144387,-73.97536082",8.508333333333333,1531126800,160,
725,"40.749156,-73.9916|40.74173969,-73.99415556",6.033333333333333,1531141200,153,
726,"40.749156,-73.9916|40.74286877312112,-73.98918628692627",5.05,1531144800,129,
727,"40.749156,-73.9916|40.74311555376486,-73.98215353488922",6.266666666666667,1531148400,102,
728,"40.749156,-73.9916|40.74394314,-73.97966069",6.8,1531155600,134,
729,"40.749156,-73.9916|40.74444921,-73.98303529",5.633333333333334,1531141200,149,
730,"40.749156,-73.9916|40.74487634,-73.99529885",3.533333333333333,1531155600,120,
731,"40.749156,-73.9916|40.7451677,-73.98683077",4.35,1531130400,113,
732,"40.749156,-73.9916|40.751873,-73.97770600000003",8.825,1531155600,218,
733,"40.749717753,-74.002950346|40.74487634,-73.99529885",5.441666666666666,1531152000,118,
734,"40.749717753,-74.002950346|40.74734825,-73.99723551",3.0166666666666666,1531152000,260,
735,"40.749717753,-74.002950346|40.751396,-74.00522600000002",1.3166666666666667,1531152000,187,
736,"40.75018156325681,-74.00218427181244|40.74034320000001,-73.98955109",9.008333333333333,1531130400,110,
737,"40.75018156325681,-74.00218427181244|40.74173969,-73.99415556",7.95,1531141200,134,
738,"40.75018156325681,-74.00218427181244|40.74395411,-73.99144871",7.425,1531148400,112,
739,"40.75018156325681,-74.00218427181244|40.74475148,-73.99915362",4.916666666666667,1531148400,151,
740,"40.75018156325681,-74.00218427181244|40.74487634,-73.99529885",5.191666666666666,1531148400,186,
741,"40.75018156325681,-74.00218427181244|40.746647,-73.993915",4.708333333333333,1531137600,106,
742,"40.75018156325681,-74.00218427181244|40.74734825,-73.99723551",2.8666666666666667,1531137600,339,
743,"40.75019995,-73.99093085|40.73935542,-73.99931783",7.166666666666667,1531155600,129,
744,"40.75019995,-73.99093085|40.74025878,-73.98409214",8.333333333333334,1531148400,114,
745,"40.75019995,-73.99093085|40.74144387,-73.97536082",8.233333333333333,1531126800,131,
746,"40.75019995,-73.99093085|40.744023,-73.976056",6.908333333333333,1531117800,222,
747,"40.75019995,-73.99093085|40.74487634,-73.99529885",3.8666666666666667,1531155600,136,
748,"40.75019995,-73.99093085|40.74571210000001,-73.98194829",5.15,1531134000,191,
749,"40.75019995,-73.99093085|40.7489006,-73.97604882",7.275,1531126800,112,
750,"40.75019995,-73.99093085|40.74901271,-73.98848395",1.9916666666666667,1531159200,110,
751,"40.75019995,-73.99093085|40.751581,-73.97791",8.025,1531123200,138,
752,"40.75019995,-73.99093085|40.751873,-73.97770600000003",7.716666666666667,1531126800,455,
753,"40.75019995,-73.99093085|40.752165280621966,-73.97992193698882",6.833333333333333,1531123200,121,
754,"40.75019995,-73.99093085|40.75500254,-73.98014437",6.45,1531119600,129,
755,"40.75019995,-73.99093085|40.75510267,-73.97498696",10.366666666666667,1531123200,199,
756,"40.75019995,-73.99093085|40.75527307,-73.98316936",5.933333333333334,1531119600,150,
757,"40.75019995,-73.99093085|40.75724567911726,-73.97805914282799",7.9,1531119600,179,
758,"40.75019995,-73.99093085|40.75971079999999,-73.97402311",10.6,1531116000,117,
759,"40.75019995,-73.99093085|40.75992262,-73.97648516",8.916666666666666,1531116000,101,
760,"40.75019995,-73.99093085|40.76132983124814,-73.97982001304626",8.7,1531119600,207,
761,"40.75097711,-73.98765428|40.751873,-73.97770600000003",6.1,1531144800,239,
762,"40.75118387463277,-73.97138714790343|40.75019995,-73.99093085",12.15,1531152000,107,
763,"40.751396,-74.00522600000002|40.71754834,-74.01322069",16.158333333333335,1531132200,184,
764,"40.751396,-74.00522600000002|40.73291553,-74.00711384",12.083333333333334,1531144800,104,
765,"40.751396,-74.00522600000002|40.74173969,-73.99415556",9.483333333333333,1531148400,108,
766,"40.751396,-74.00522600000002|40.74475148,-73.99915362",5.683333333333334,1531144800,121,
767,"40.751396,-74.00522600000002|40.74487634,-73.99529885",6.525,1531152000,146,
768,"40.751396,-74.00522600000002|40.746647,-73.993915",6.208333333333333,1531148400,110,
769,"40.751396,-74.00522600000002|40.74734825,-73.99723551",4.1,1531152000,337,
770,"40.751396,-74.00522600000002|40.75594159,-74.0021163",4.016666666666667,1531144800,152,
771,"40.751551,-73.993934|40.751873,-73.97770600000003",9.2,1531155600,117,
772,"40.751551,-73.993934|40.76227205,-73.98788205",7.7,1531141200,101,
773,"40.751581,-73.97791|40.74096374,-73.98602213",6.766666666666667,1531126800,145,
774,"40.751581,-73.97791|40.74444921,-73.98303529",5.358333333333333,1531126800,116,
775,"40.751581,-73.97791|40.74854862,-73.98808416",6.675,1531152000,162,
776,"40.751581,-73.97791|40.749156,-73.9916",8.383333333333333,1531148400,124,
777,"40.751581,-73.97791|40.75019995,-73.99093085",7.933333333333334,1531148400,161,
778,"40.751581,-73.97791|40.75640548,-73.9900262",7.9,1531152000,125,
779,"40.751873,-73.97770600000003|40.73454567,-73.99074142",11.566666666666666,1531152000,105,
780,"40.751873,-73.97770600000003|40.735367055605394,-73.98797392845155",10.2,1531123200,114,
781,"40.751873,-73.97770600000003|40.73587678,-73.98205027",10.866666666666667,1531159200,123,
782,"40.751873,-73.97770600000003|40.736502,-73.97809472",10.716666666666667,1531144800,113,
783,"40.751873,-73.97770600000003|40.73704984,-73.99009296",9.533333333333333,1531130400,183,
784,"40.751873,-73.97770600000003|40.73827428,-73.98751968",8.266666666666667,1531126800,141,
785,"40.751873,-73.97770600000003|40.73912601,-73.97973776",8.95,1531155600,109,
786,"40.751873,-73.97770600000003|40.73935542,-73.99931783",13.833333333333334,1531126800,135,
787,"40.751873,-73.97770600000003|40.73971301,-73.99456405",12.2,1531126800,109,
788,"40.751873,-73.97770600000003|40.74025878,-73.98409214",7.166666666666667,1531137600,174,
789,"40.751873,-73.97770600000003|40.74034320000001,-73.98955109",9.533333333333333,1531126800,273,
790,"40.751873,-73.97770600000003|40.74096374,-73.98602213",6.433333333333334,1531123200,394,
791,"40.751873,-73.97770600000003|40.74144387,-73.97536082",8.05,1531123200,107,
792,"40.751873,-73.97770600000003|40.74173969,-73.99415556",10.95,1531134000,179,
793,"40.751873,-73.97770600000003|40.74286877312112,-73.98918628692627",9.4,1531137600,129,
794,"40.751873,-73.97770600000003|40.74290902,-73.97706058",6.316666666666666,1531155600,115,
795,"40.751873,-73.97770600000003|40.74311555376486,-73.98215353488922",5.783333333333333,1531152000,137,
796,"40.751873,-73.97770600000003|40.74394314,-73.97966069",5.65,1531155600,108,
797,"40.751873,-73.97770600000003|40.74395411,-73.99144871",8.575,1531126800,172,
798,"40.751873,-73.97770600000003|40.744023,-73.976056",6.141666666666667,1531152000,230,
799,"40.751873,-73.97770600000003|40.744219,-73.97121214",6.9,1531155600,154,
800,"40.751873,-73.97770600000003|40.74444921,-73.98303529",5.133333333333334,1531126800,277,
801,"40.751873,-73.97770600000003|40.7451677,-73.98683077",6.8,1531126800,197,
802,"40.751873,-73.97770600000003|40.74571210000001,-73.98194829",4.816666666666666,1531137600,197,
803,"40.751873,-73.97770600000003|40.7462009,-73.98855723",8.075,1531134000,150,
804,"40.751873,-73.97770600000003|40.746647,-73.993915",10.633333333333333,1531126800,238,
805,"40.751873,-73.97770600000003|40.74765947,-73.98490707",5.333333333333333,1531141200,153,
806,"40.751873,-73.97770600000003|40.74780373,-73.97344190000003",3.925,1531155600,140,
807,"40.751873,-73.97770600000003|40.74854862,-73.98808416",6.666666666666667,1531152000,437,
808,"40.751873,-73.97770600000003|40.74901271,-73.98848395",7.583333333333333,1531152000,129,
809,"40.751873,-73.97770600000003|40.749156,-73.9916",8.741666666666667,1531146600,238,
810,"40.751873,-73.97770600000003|40.75019995,-73.99093085",7.891666666666667,1531152000,522,
811,"40.751873,-73.97770600000003|40.75097711,-73.98765428",7.133333333333334,1531144800,175,
812,"40.751873,-73.97770600000003|40.754623240291046,-73.99516761302948",10.033333333333333,1531134000,106,
813,"40.751873,-73.97770600000003|40.75513557,-73.98658032",6.083333333333333,1531152000,110,
814,"40.751873,-73.97770600000003|40.75640548,-73.9900262",7.183333333333334,1531152000,392,
815,"40.751873,-73.97770600000003|40.75756989999999,-73.99098507",7.116666666666666,1531152000,117,
816,"40.751873,-73.97770600000003|40.76030096,-73.99884222",10.725,1531155600,116,
817,"40.752165280621966,-73.97992193698882|40.7462009,-73.98855723",5.733333333333333,1531123200,109,
818,"40.752165280621966,-73.97992193698882|40.74854862,-73.98808416",5.1,1531126800,151,
819,"40.752165280621966,-73.97992193698882|40.75019995,-73.99093085",6.025,1531141200,134,
820,"40.75255434,-73.97282625|40.75019995,-73.99093085",11.433333333333334,1531152000,121,
821,"40.754120810779256,-73.98025184869765|40.75019995,-73.99093085",6.891666666666667,1531152000,176,
822,"40.754623240291046,-73.99516761302948|40.7429489166009,-74.00413691997528",7.466666666666667,1531146600,106,
823,"40.754623240291046,-73.99516761302948|40.7454973,-74.00197139",6.466666666666667,1531144800,139,
824,"40.754623240291046,-73.99516761302948|40.75018156325681,-74.00218427181244",5.391666666666667,1531130400,106,
825,"40.754623240291046,-73.99516761302948|40.751873,-73.97770600000003",9.066666666666666,1531152000,111,
826,"40.75466591,-73.99138152|40.751873,-73.97770600000003",7.325,1531155600,128,
827,"40.75500254,-73.98014437|40.75019995,-73.99093085",7.466666666666667,1531152000,147,
828,"40.75510267,-73.97498696|40.744219,-73.97121214",7.7,1531155600,151,
829,"40.75510267,-73.97498696|40.74854862,-73.98808416",9.183333333333334,1531155600,169,
830,"40.75510267,-73.97498696|40.75019995,-73.99093085",9.991666666666667,1531152000,242,
831,"40.75510267,-73.97498696|40.75640548,-73.9900262",8.2,1531155600,257,
832,"40.75510267,-73.97498696|40.758996559605116,-73.96865397691727",5.133333333333334,1531126800,127,
833,"40.75510267,-73.97498696|40.76068327096592,-73.98452728986742",6.075,1531123200,118,
834,"40.75510267,-73.97498696|40.76095756,-73.96724467",5.65,1531119600,104,
835,"40.75510267,-73.97498696|40.76132983124814,-73.97982001304626",5.533333333333333,1531123200,117,
836,"40.75510267,-73.97498696|40.76227205,-73.98788205",7.533333333333333,1531123200,209,
837,"40.75510267,-73.97498696|40.76228826,-73.98336183",6.583333333333333,1531119600,126,
838,"40.75510267,-73.97498696|40.76500525,-73.95818491",12.983333333333333,1531123200,159,
839,"40.75513557,-73.98658032|40.74034320000001,-73.98955109",9.516666666666667,1531130400,145,
840,"40.75513557,-73.98658032|40.74286877312112,-73.98918628692627",7.691666666666666,1531130400,178,
841,"40.75513557,-73.98658032|40.74901271,-73.98848395",4.5,1531152000,136,
842,"40.75513557,-73.98658032|40.75019995,-73.99093085",4.316666666666666,1531155600,125,
843,"40.75513557,-73.98658032|40.75097711,-73.98765428",2.725,1531148400,114,
844,"40.75513557,-73.98658032|40.751581,-73.97791",5.35,1531123200,113,
845,"40.75513557,-73.98658032|40.751873,-73.97770600000003",4.825,1531126800,332,
846,"40.75513557,-73.98658032|40.75510267,-73.97498696",7.016666666666667,1531123200,125,
847,"40.75513557,-73.98658032|40.76030096,-73.99884222",7.15,1531148400,163,
848,"40.75527307,-73.98316936|40.75019995,-73.99093085",5.733333333333333,1531152000,137,
849,"40.75527307,-73.98316936|40.76009437,-73.99461843",6.283333333333333,1531152000,118,
850,"40.75594159,-74.0021163|40.751396,-74.00522600000002",2.7333333333333334,1531141200,238,
851,"40.75594159,-74.0021163|40.76087502,-74.00277668",4.15,1531141200,112,
852,"40.75640548,-73.9900262|40.751873,-73.97770600000003",6.833333333333333,1531144800,325,
853,"40.75640548,-73.9900262|40.75510267,-73.97498696",9.408333333333333,1531126800,198,
854,"40.75640548,-73.9900262|40.75513557,-73.98658032",2.9916666666666667,1531159200,248,
855,"40.75640548,-73.9900262|40.75724567911726,-73.97805914282799",7.866666666666666,1531126800,131,
856,"40.75640548,-73.9900262|40.76030096,-73.99884222",5.108333333333333,1531155600,194,
857,"40.75640548,-73.9900262|40.76227205,-73.98788205",4.8,1531159200,156,
858,"40.75640548,-73.9900262|40.76269882,-73.99301222",5.583333333333333,1531159200,112,
859,"40.75640548,-73.9900262|40.76370739,-73.9851615",5.983333333333333,1531155600,158,
860,"40.75640548,-73.9900262|40.76669671,-73.99061728",7.45,1531159200,101,
861,"40.75640548,-73.9900262|40.76695317,-73.98169333",8.358333333333333,1531153800,108,
862,"40.75668720603179,-73.98257732391356|40.75019995,-73.99093085",6.666666666666667,1531152000,184,
863,"40.75668720603179,-73.98257732391356|40.75640548,-73.9900262",4.625,1531148400,156,
864,"40.75714758,-73.97207836|40.75019995,-73.99093085",11.566666666666666,1531152000,101,
865,"40.75714758,-73.97207836|40.75640548,-73.9900262",10.1,1531148400,103,
866,"40.75724567911726,-73.97805914282799|40.74854862,-73.98808416",7.125,1531152000,112,
867,"40.75724567911726,-73.97805914282799|40.75019995,-73.99093085",8.4,1531152000,159,
868,"40.75724567911726,-73.97805914282799|40.75640548,-73.9900262",6.95,1531148400,129,
869,"40.75724567911726,-73.97805914282799|40.76227205,-73.98788205",5.4,1531123200,272,
870,"40.75724567911726,-73.97805914282799|40.76344058,-73.98268129",6.1,1531123200,107,
871,"40.75724567911726,-73.97805914282799|40.7652654,-73.98192338",7.333333333333333,1531123200,106,
872,"40.75724567911726,-73.97805914282799|40.76669671,-73.99061728",8.541666666666666,1531119600,118,
873,"40.75756989999999,-73.99098507|40.76030096,-73.99884222",4.316666666666666,1531155600,243,
874,"40.75892386377695,-73.96226227283478|40.77140426,-73.9535166",7.483333333333333,1531155600,112,
875,"40.75898481399634,-73.99379968643187|40.75756989999999,-73.99098507",1.6,1531112400,206,
876,"40.758996559605116,-73.96865397691727|40.75510267,-73.97498696",4.0,1531148400,124,
877,"40.758996559605116,-73.96865397691727|40.75640548,-73.9900262",12.716666666666667,1531148400,189,
878,"40.75929124,-73.98859651|40.76370739,-73.9851615",3.65,1531152000,101,
879,"40.75971079999999,-73.97402311|40.75019995,-73.99093085",10.683333333333334,1531152000,155,
880,"40.75992262,-73.97648516|40.75019995,-73.99093085",10.366666666666667,1531152000,108,
881,"40.76009437,-73.99461843|40.75513557,-73.98658032",5.783333333333333,1531126800,115,
882,"40.76009437,-73.99461843|40.75898481399634,-73.99379968643187",1.4166666666666667,1531112400,155,
883,"40.76019252,-73.9912551|40.7454973,-74.00197139",9.766666666666667,1531155600,115,
884,"40.76019252,-73.9912551|40.754623240291046,-73.99516761302948",3.875,1531152000,206,
885,"40.76030096,-73.99884222|40.71754834,-74.01322069",20.225,1531144800,102,
886,"40.76030096,-73.99884222|40.75019995,-73.99093085",8.866666666666667,1531152000,127,
887,"40.76030096,-73.99884222|40.751551,-73.993934",6.783333333333333,1531152000,119,
888,"40.76030096,-73.99884222|40.751873,-73.97770600000003",10.758333333333333,1531119600,142,
889,"40.76030096,-73.99884222|40.75513557,-73.98658032",7.666666666666667,1531148400,141,
890,"40.76030096,-73.99884222|40.75594159,-74.0021163",3.1416666666666666,1531152000,118,
891,"40.76030096,-73.99884222|40.75756989999999,-73.99098507",4.975,1531134000,172,
892,"40.76068327096592,-73.98452728986742|40.75019995,-73.99093085",6.266666666666667,1531144800,140,
893,"40.76068327096592,-73.98452728986742|40.75510267,-73.97498696",5.7,1531126800,195,
894,"40.76068327096592,-73.98452728986742|40.75724567911726,-73.97805914282799",3.783333333333333,1531148400,158,
895,"40.76068327096592,-73.98452728986742|40.76269882,-73.99301222",4.558333333333334,1531141200,162,
896,"40.76068327096592,-73.98452728986742|40.76341379,-73.99667444",6.033333333333333,1531126800,102,
897,"40.76087502,-74.00277668|40.71754834,-74.01322069",18.583333333333332,1531130400,297,
898,"40.76087502,-74.00277668|40.7277140777778,-74.01129573583603",17.45,1531144800,143,
899,"40.76087502,-74.00277668|40.76087502,-74.00277668",32.65,1531137600,146,
900,"40.76095756,-73.96724467|40.75892386377695,-73.96226227283478",3.8583333333333334,1531137600,130,
901,"40.7612274,-73.96094022|40.76500525,-73.95818491",2.466666666666667,1531144800,239,
902,"40.7612274,-73.96094022|40.77140426,-73.9535166",6.433333333333334,1531155600,199,
903,"40.76132983124814,-73.97982001304626|40.75019995,-73.99093085",8.275,1531152000,222,
904,"40.76132983124814,-73.97982001304626|40.75510267,-73.97498696",5.516666666666667,1531152000,103,
905,"40.76132983124814,-73.97982001304626|40.76344058,-73.98268129",1.9,1531119600,120,
906,"40.76227205,-73.98788205|40.754623240291046,-73.99516761302948",6.025,1531144800,120,
907,"40.76227205,-73.98788205|40.75510267,-73.97498696",8.316666666666666,1531130400,121,
908,"40.76227205,-73.98788205|40.75724567911726,-73.97805914282799",6.366666666666666,1531152000,128,
909,"40.76227205,-73.98788205|40.76009437,-73.99461843",4.4,1531159200,149,
910,"40.76227205,-73.98788205|40.76019252,-73.9912551",2.6666666666666665,1531152000,176,
911,"40.76227205,-73.98788205|40.76269882,-73.99301222",2.8,1531144800,151,
912,"40.76227205,-73.98788205|40.76341379,-73.99667444",4.741666666666666,1531139400,108,
913,"40.76228826,-73.98336183|40.75019995,-73.99093085",7.3,1531148400,117,
914,"40.76228826,-73.98336183|40.75640548,-73.9900262",5.266666666666667,1531141200,131,
915,"40.76269882,-73.99301222|40.76068327096592,-73.98452728986742",4.633333333333334,1531148400,139,
916,"40.76312584,-73.96526895|40.76500525,-73.95818491",4.966666666666667,1531137600,119,
917,"40.76344058,-73.98268129|40.75019995,-73.99093085",8.666666666666666,1531152000,119,
918,"40.76344058,-73.98268129|40.75510267,-73.97498696",7.633333333333334,1531126800,112,
919,"40.76344058,-73.98268129|40.75724567911726,-73.97805914282799",5.391666666666667,1531143000,112,
920,"40.76344058,-73.98268129|40.76669671,-73.99061728",4.383333333333334,1531137600,217,
921,"40.76370739,-73.9851615|40.76019252,-73.9912551",4.941666666666666,1531155600,104,
922,"40.76370739,-73.9851615|40.76669671,-73.99061728",3.125,1531152000,194,
923,"40.76370739,-73.9851615|40.76915505,-73.98191841",4.566666666666666,1531141200,101,
924,"40.7643971,-73.97371465|40.76915505,-73.98191841",5.325,1531148400,126,
925,"40.76500525,-73.95818491|40.756014,-73.967416",7.366666666666666,1531137600,111,
926,"40.76500525,-73.95818491|40.7612274,-73.96094022",2.816666666666667,1531148400,109,
927,"40.76500525,-73.95818491|40.77140426,-73.9535166",4.133333333333334,1531148400,171,
928,"40.76500525,-73.95818491|40.77565541,-73.95068615",6.866666666666666,1531144800,103,
929,"40.76500525,-73.95818491|40.77801203,-73.95407149",9.366666666666667,1531148400,113,
930,"40.7652654,-73.98192338|40.75510267,-73.97498696",8.45,1531123200,108,
931,"40.7652654,-73.98192338|40.75513557,-73.98658032",6.4,1531126800,121,
932,"40.7652654,-73.98192338|40.75724567911726,-73.97805914282799",6.45,1531148400,132,
933,"40.7652654,-73.98192338|40.76068327096592,-73.98452728986742",3.0,1531137600,133,
934,"40.7652654,-73.98192338|40.76695317,-73.98169333",1.6333333333333333,1531134000,136,
935,"40.7652654,-73.98192338|40.76727216,-73.99392888",6.616666666666666,1531126800,115,
936,"40.7652654,-73.98192338|40.768254,-73.988639",4.116666666666666,1531134000,115,
937,"40.76583460000001,-73.9265474|40.761584,-73.925921",3.433333333333333,1531123200,141,
938,"40.76584941,-73.98690506|40.754623240291046,-73.99516761302948",7.933333333333334,1531152000,107,
939,"40.76584941,-73.98690506|40.76019252,-73.9912551",4.158333333333333,1531155600,190,
940,"40.76590936,-73.97634151|40.76590936,-73.97634151",28.0,1531144800,169,
941,"40.76590936,-73.97634151|40.76915505,-73.98191841",3.7083333333333335,1531144800,138,
942,"40.76590936,-73.97634151|40.77282817,-73.96685276",6.783333333333333,1531144800,115,
943,"40.76590936,-73.97634151|40.7734066,-73.97782542",6.25,1531152000,127,
944,"40.76590936,-73.97634151|40.77579376683666,-73.97620573639871",8.725,1531150200,138,
945,"40.76669671,-73.99061728|40.75724567911726,-73.97805914282799",9.233333333333333,1531152000,111,
946,"40.76695317,-73.98169333|40.75513557,-73.98658032",7.216666666666667,1531126800,114,
947,"40.76695317,-73.98169333|40.76068327096592,-73.98452728986742",4.366666666666666,1531137600,169,
948,"40.76695317,-73.98169333|40.76095756,-73.96724467",6.958333333333333,1531137600,122,
949,"40.76695317,-73.98169333|40.7643971,-73.97371465",3.95,1531130400,157,
950,"40.76695317,-73.98169333|40.771522,-73.99054100000002",5.75,1531148400,104,
951,"40.76703432309872,-73.95622730255127|40.77140426,-73.9535166",3.1166666666666667,1531148400,103,
952,"40.7671,-73.9169858|40.76991760000001,-73.91840570000002",2.775,1531123200,102,
953,"40.76712840349542,-73.96224617958069|40.76500525,-73.95818491",2.2666666666666666,1531130400,130,
954,"40.768254,-73.988639|40.76019252,-73.9912551",6.533333333333333,1531155600,143,
955,"40.76915505,-73.98191841|40.7643971,-73.97371465",5.016666666666667,1531130400,151,
956,"40.76915505,-73.98191841|40.76915505,-73.98191841",18.041666666666668,1531152000,124,
957,"40.76915505,-73.98191841|40.770513,-73.988038",3.7666666666666666,1531148400,194,
958,"40.76915505,-73.98191841|40.771522,-73.99054100000002",4.583333333333333,1531148400,222,
959,"40.76915505,-73.98191841|40.77163851,-73.98261428",1.8083333333333333,1531152000,140,
960,"40.76915505,-73.98191841|40.7734066,-73.97782542",3.95,1531148400,149,
961,"40.76915505,-73.98191841|40.77452835,-73.98753759",4.683333333333334,1531155600,154,
962,"40.76915505,-73.98191841|40.77492513,-73.98266566",3.566666666666667,1531152000,156,
963,"40.76915505,-73.98191841|40.77579376683666,-73.97620573639871",5.2,1531153800,158,
964,"40.76915505,-73.98191841|40.7770575,-73.97898475",6.241666666666666,1531155600,148,
965,"40.76915505,-73.98191841|40.77748046,-73.98288594",5.15,1531155600,107,
966,"40.76915505,-73.98191841|40.779668090073116,-73.98093044757842",6.35,1531155600,173,
967,"40.76915505,-73.98191841|40.7829391,-73.9786517",9.091666666666667,1531155600,102,
968,"40.76991760000001,-73.91840570000002|40.7713615,-73.9246145",3.716666666666667,1531155600,117,
969,"40.7713615,-73.9246145|40.76991760000001,-73.91840570000002",3.05,1531126800,101,
970,"40.77140426,-73.9535166|40.77801203,-73.95407149",5.616666666666666,1531148400,149,
971,"40.771522,-73.99054100000002|40.76695317,-73.98169333",5.75,1531146600,108,
972,"40.771522,-73.99054100000002|40.770513,-73.988038",1.9583333333333333,1531159200,168,
973,"40.77163851,-73.98261428|40.76019252,-73.9912551",8.083333333333334,1531152000,116,
974,"40.77163851,-73.98261428|40.76915505,-73.98191841",1.9,1531148400,293,
975,"40.77282817,-73.96685276|40.77579376683666,-73.97620573639871",5.2,1531148400,120,
976,"40.7734066,-73.97782542|40.7643971,-73.97371465",6.191666666666666,1531123200,210,
977,"40.7734066,-73.97782542|40.76590936,-73.97634151",4.8,1531126800,177,
978,"40.7734066,-73.97782542|40.7734066,-73.97782542",26.758333333333333,1531152000,110,
979,"40.7734066,-73.97782542|40.78472675,-73.96961715",6.916666666666667,1531155600,122,
980,"40.77452835,-73.98753759|40.77748046,-73.98288594",3.716666666666667,1531148400,114,
981,"40.774591,-73.918544|40.7711528,-73.9170074",2.716666666666667,1531126800,110,
982,"40.7746671,-73.98470567|40.77492513,-73.98266566",1.5416666666666667,1531144800,116,
983,"40.7747878,-73.91255509999998|40.7787185,-73.9145645",3.5416666666666665,1531159200,138,
984,"40.7747878,-73.91255509999998|40.78145,-73.9183302",5.316666666666666,1531159200,107,
985,"40.77492513,-73.98266566|40.76915505,-73.98191841",3.55,1531150200,154,
986,"40.77492513,-73.98266566|40.7734066,-73.97782542",3.4,1531148400,117,
987,"40.77536905,-73.94803392|40.77801203,-73.95407149",3.1416666666666666,1531134000,210,
988,"40.77565541,-73.95068615|40.77536905,-73.94803392",1.9666666666666666,1531159200,115,
989,"40.77579376683666,-73.97620573639871|40.7643971,-73.97371465",7.175,1531123200,122,
990,"40.77579376683666,-73.97620573639871|40.76590936,-73.97634151",6.016666666666667,1531134000,199,
991,"40.77579376683666,-73.97620573639871|40.76915505,-73.98191841",6.225,1531155600,164,
992,"40.77579376683666,-73.97620573639871|40.7734066,-73.97782542",1.85,1531144800,211,
993,"40.77579376683666,-73.97620573639871|40.7770575,-73.97898475",2.066666666666667,1531126800,155,
994,"40.77579376683666,-73.97620573639871|40.77896784,-73.97374737",2.2666666666666666,1531155600,149,
995,"40.77579376683666,-73.97620573639871|40.78472675,-73.96961715",5.316666666666666,1531152000,122,
996,"40.7767,-73.927631|40.76991760000001,-73.91840570000002",5.916666666666667,1531123200,125,
997,"40.7770575,-73.97898475|40.7643971,-73.97371465",8.283333333333333,1531123200,183,
998,"40.7770575,-73.97898475|40.76590936,-73.97634151",7.083333333333333,1531126800,103,
999,"40.7770575,-73.97898475|40.76695317,-73.98169333",7.266666666666667,1531130400,177,
1000,"40.7770575,-73.97898475|40.76915505,-73.98191841",5.1,1531137600,209,
1001,"40.7770575,-73.97898475|40.77163851,-73.98261428",3.5166666666666666,1531141200,193,
1002,"40.7770575,-73.97898475|40.7734066,-73.97782542",2.8333333333333335,1531144800,115,
1003,"40.7770575,-73.97898475|40.77579376683666,-73.97620573639871",1.8833333333333333,1531137600,260,
1004,"40.7770575,-73.97898475|40.7785669,-73.97754961",1.2333333333333334,1531123200,115,
1005,"40.7770575,-73.97898475|40.78524672,-73.97667321",6.75,1531144800,105,
1006,"40.77748046,-73.98288594|40.76915505,-73.98191841",5.175,1531155600,108,
1007,"40.77748046,-73.98288594|40.77452835,-73.98753759",3.7,1531152000,147,
1008,"40.77748046,-73.98288594|40.777507027547976,-73.98888587951659",3.033333333333333,1531155600,116,
1009,"40.77801203,-73.95407149|40.77140426,-73.9535166",4.9,1531155600,119,
1010,"40.77801203,-73.95407149|40.7724607,-73.9468208",5.516666666666667,1531155600,104,
1011,"40.77801203,-73.95407149|40.77536905,-73.94803392",3.7666666666666666,1531155600,173,
1012,"40.7785669,-73.97754961|40.7770575,-73.97898475",1.3,1531119600,155,
1013,"40.7787185,-73.9145645|40.7747878,-73.91255509999998",3.05,1531123200,131,
1014,"40.77896784,-73.97374737|40.76590936,-73.97634151",8.45,1531130400,113,
1015,"40.779668090073116,-73.98093044757842|40.7770575,-73.97898475",3.4166666666666665,1531144800,112,
1016,"40.779668090073116,-73.98093044757842|40.7801839724239,-73.97728532552719",2.683333333333333,1531159200,106,
1017,"40.779668090073116,-73.98093044757842|40.7829391,-73.9786517",2.5,1531155600,198,
1018,"40.779668090073116,-73.98093044757842|40.78499979,-73.97283406",6.55,1531159200,123,
1019,"40.779668090073116,-73.98093044757842|40.78524672,-73.97667321",4.016666666666667,1531159200,222,
1020,"40.779668090073116,-73.98093044757842|40.7867947,-73.977112",5.516666666666667,1531155600,149,
1021,"40.7801839724239,-73.97728532552719|40.77896784,-73.97374737",2.308333333333333,1531148400,120,
1022,"40.78145,-73.9183302|40.7747878,-73.91255509999998",5.333333333333333,1531123200,126,
1023,"40.78275,-73.97137|40.78472675,-73.96961715",1.6333333333333333,1531141200,224,
1024,"40.7839636,-73.94716729999998|40.7869946,-73.94164802",3.6166666666666667,1531159200,325,
1025,"40.78472675,-73.96961715|40.7643971,-73.97371465",10.841666666666667,1531119600,158,
1026,"40.78472675,-73.96961715|40.76590936,-73.97634151",9.55,1531126800,104,
1027,"40.78472675,-73.96961715|40.78499979,-73.97283406",1.825,1531144800,148,
1028,"40.78499979,-73.97283406|40.7770575,-73.97898475",5.466666666666667,1531152000,186,
1029,"40.78499979,-73.97283406|40.78472675,-73.96961715",2.0083333333333333,1531144800,216,
1030,"40.78524672,-73.97667321|40.7770575,-73.97898475",6.3,1531137600,127,
1031,"40.78524672,-73.97667321|40.7919557,-73.968087",7.166666666666667,1531152000,119,
1032,"40.7867947,-73.977112|40.779668090073116,-73.98093044757842",5.266666666666667,1531144800,103,
1033,"40.7869946,-73.94164802|40.7839636,-73.94716729999998",3.725,1531130400,350,
1034,"40.7869946,-73.94164802|40.79030510000001,-73.94755757",3.85,1531126800,137,
1035,"40.7882213,-73.97041561|40.7770575,-73.97898475",7.416666666666667,1531134000,130,
1036,"40.7892105,-73.94370784|40.7839636,-73.94716729999998",3.0416666666666665,1531132200,234,
1037,"40.79030510000001,-73.94755757|40.7869946,-73.94164802",3.625,1531159200,102,
1038,"40.7919557,-73.968087|40.78499979,-73.97283406",4.608333333333333,1531152000,148,
1039,"40.7923272,-73.9383|40.7839636,-73.94716729999998",6.666666666666667,1531123200,110,
1040,"40.801694,-73.957145|40.7987859,-73.9523",2.75,1531123200,171,
1041,"40.805159,-73.95469200000002|40.809725,-73.953149",2.6,1531141200,117,
1042,"40.809725,-73.953149|40.801694,-73.957145",5.05,1531152000,118,
1043,"40.809725,-73.953149|40.805159,-73.95469200000002",3.058333333333333,1531155600,152,
