,Subs,FROM STATION NAME,TO STATION NAME,Subs_Trip_Duration,Subs_Trip,Subs_Start_Coords,Subs_End_Coords,Subs_Median_Duration_Mins,Subs_Median_Unix_StartTime,Subs_Median_Age,Subs_Size,Subs_Median_Timestamp
0,436,Canal St & Madison St,Michigan Ave & Washington St,5.7,"41.882090999999996,-87.639833|41.88389277,-87.62464914","41.882090999999996,-87.639833","41.88389277,-87.62464914",7.291666667,1494835500,30.0,286,2017-05-15 08:05:00
1,685,Wacker Dr & Washington St,Michigan Ave & Washington St,5.0,"41.88327159,-87.63731329|41.88389277,-87.62464914","41.88327159,-87.63731329","41.88389277,-87.62464914",6.2,1494919260,32.0,259,2017-05-16 07:21:00
2,68,MLK Jr Dr & 29th St,State St & 33rd St,6.583333333,"41.842052,-87.617|41.834734000000005,-87.625813","41.842052,-87.617","41.834734000000005,-87.625813",8.208333332999999,1495117590,51.5,238,2017-05-18 14:26:30
3,379,Columbus Dr & Randolph St,Clinton St & Washington Blvd,9.666666667000001,"41.884728,-87.61952099999999|41.883379999999995,-87.64116999999999","41.884728,-87.61952099999999","41.883379999999995,-87.64116999999999",9.2,1494950040,31.0,231,2017-05-16 15:54:00
4,6098,Streeter Dr & Grand Ave,Theater on the Lake,15.63333333,"41.892278000000005,-87.612043|41.926277,-87.630834","41.892278000000005,-87.612043","41.926277,-87.630834",19.01666667,1495185600,36.0,207,2017-05-19 09:20:00
5,2375,Fort Dearborn Dr & 31st St,Burnham Harbor,10.56666667,"41.838556,-87.60821800000001|41.856268,-87.613348","41.838556,-87.60821800000001","41.856268,-87.613348",13.08333333,1495382160,45.0,205,2017-05-21 15:56:00
6,5,State St & 33rd St,MLK Jr Dr & 29th St,9.416666667000001,"41.834734000000005,-87.625813|41.842052,-87.617","41.834734000000005,-87.625813","41.842052,-87.617",8.766666667,1494950040,47.0,199,2017-05-16 15:54:00
7,411,Michigan Ave & Washington St,Clinton St & Washington Blvd,5.6333333329999995,"41.88389277,-87.62464914|41.883379999999995,-87.64116999999999","41.88389277,-87.62464914","41.883379999999995,-87.64116999999999",7.8833333329999995,1494955320,32.0,194,2017-05-16 17:22:00
8,288,Clinton St & Washington Blvd,Michigan Ave & Washington St,5.466666667,"41.883379999999995,-87.64116999999999|41.88389277,-87.62464914","41.883379999999995,-87.64116999999999","41.88389277,-87.62464914",7.9,1494920190,33.0,192,2017-05-16 07:36:30
9,1447,Columbus Dr & Randolph St,Canal St & Madison St,10.38333333,"41.884728,-87.61952099999999|41.882090999999996,-87.639833","41.884728,-87.61952099999999","41.882090999999996,-87.639833",9.333333332999999,1494936720,28.0,189,2017-05-16 12:12:00
10,712,Indiana Ave & Roosevelt Rd,Michigan Ave & Jackson Blvd,5.833333333,"41.867888,-87.623041|41.87785,-87.62408","41.867888,-87.623041","41.87785,-87.62408",6.333333333,1495008240,29.0,174,2017-05-17 08:04:00
11,1304,Wabash Ave & Roosevelt Rd,Wabash Ave & 16th St,4.533333333,"41.867227,-87.625961|41.860384,-87.625813","41.867227,-87.625961","41.860384,-87.625813",3.25,1494901170,43.0,172,2017-05-16 02:19:30
12,273,Canal St & Adams St,Michigan Ave & Washington St,7.75,"41.879255,-87.639904|41.88389277,-87.62464914","41.879255,-87.639904","41.88389277,-87.62464914",8.883333333,1494878520,78.0,170,2017-05-15 20:02:00
13,184,Clinton St & Washington Blvd,St. Clair St & Erie St,10.73333333,"41.883379999999995,-87.64116999999999|41.894448,-87.622663","41.883379999999995,-87.64116999999999","41.894448,-87.622663",12.86666667,1494838860,29.0,167,2017-05-15 09:01:00
14,601,Calumet Ave & 33rd St,State St & 33rd St,3.5333333330000003,"41.8349,-87.61793|41.834734000000005,-87.625813","41.8349,-87.61793","41.834734000000005,-87.625813",3.616666667,1494751500,32.0,167,2017-05-14 08:45:00
15,264,Clark St & Berwyn Ave,Broadway & Berwyn Ave,2.8,"41.97799665,-87.66804711|41.978353000000006,-87.65975300000001","41.97799665,-87.66804711","41.978353000000006,-87.65975300000001",3.183333333,1494955110,57.0,166,2017-05-16 17:18:30
16,536,Southport Ave & Wellington Ave,Sheffield Ave & Wellington Ave,3.35,"41.935733,-87.663576|41.936265999999996,-87.652662","41.935733,-87.663576","41.936265999999996,-87.652662",3.833333333,1494836340,38.0,166,2017-05-15 08:19:00
17,2796,Michigan Ave & Washington St,Canal St & Adams St,10.15,"41.88389277,-87.62464914|41.879255,-87.639904","41.88389277,-87.62464914","41.879255,-87.639904",9.816666667,1495039800,30.0,165,2017-05-17 16:50:00
18,7924,Theater on the Lake,Streeter Dr & Grand Ave,20.13333333,"41.926277,-87.630834|41.892278000000005,-87.612043","41.926277,-87.630834","41.892278000000005,-87.612043",19.93333333,1495192800,47.5,165,2017-05-19 11:20:00
19,597,Ellis Ave & 60th St,University Ave & 57th St,5.116666667,"41.78509715,-87.60107276|41.791478000000005,-87.599861","41.78509715,-87.60107276","41.791478000000005,-87.599861",3.916666667,1494930600,33.0,164,2017-05-16 10:30:00
20,17,Broadway & Berwyn Ave,Clark St & Berwyn Ave,5.066666667,"41.978353000000006,-87.65975300000001|41.97799665,-87.66804711","41.978353000000006,-87.65975300000001","41.97799665,-87.66804711",3.416666667,1495053180,28.0,160,2017-05-17 20:33:00
21,102,Kingsbury St & Kinzie St,Clinton St & Jackson Blvd,5.8,"41.88917683,-87.63850577|41.878534,-87.640978","41.88917683,-87.63850577","41.878534,-87.640978",6.466666667,1494608460,42.0,159,2017-05-12 17:01:00
22,3263,Sheffield Ave & Fullerton Ave,Southport Ave & Wrightwood Ave,4.766666667,"41.92560188,-87.65370804|41.928773,-87.663913","41.92560188,-87.65370804","41.928773,-87.663913",5.041666667,1494958020,35.0,152,2017-05-16 18:07:00
23,2260,Lake Shore Dr & Monroe St,Streeter Dr & Grand Ave,31.06666667,"41.880958,-87.616743|41.892278000000005,-87.612043","41.880958,-87.616743","41.892278000000005,-87.612043",11.68333333,1495717920,34.0,151,2017-05-25 13:12:00
24,2259,Burnham Harbor,Fort Dearborn Dr & 31st St,11.88333333,"41.856268,-87.613348|41.838556,-87.60821800000001","41.856268,-87.613348","41.838556,-87.60821800000001",12.81666667,1495396200,30.5,148,2017-05-21 19:50:00
25,398,Southport Ave & Wrightwood Ave,Sheffield Ave & Fullerton Ave,4.166666667,"41.928773,-87.663913|41.92560188,-87.65370804","41.928773,-87.663913","41.92560188,-87.65370804",4.6,1495006740,30.0,145,2017-05-17 07:39:00
26,575,Streeter Dr & Grand Ave,Lake Shore Dr & North Blvd,9.583333332999999,"41.892278000000005,-87.612043|41.911722,-87.626804","41.892278000000005,-87.612043","41.911722,-87.626804",14.61666667,1495375980,31.0,145,2017-05-21 14:13:00
27,2410,Burnham Harbor,Lake Shore Dr & Monroe St,15.15,"41.856268,-87.613348|41.880958,-87.616743","41.856268,-87.613348","41.880958,-87.616743",14.63333333,1495722360,40.0,144,2017-05-25 14:26:00
28,203,Halsted St & Wrightwood Ave,Sheffield Ave & Fullerton Ave,2.75,"41.929142999999996,-87.649077|41.92560188,-87.65370804","41.929142999999996,-87.649077","41.92560188,-87.65370804",3.25,1494919980,38.0,143,2017-05-16 07:33:00
29,2426,State St & 33rd St,Calumet Ave & 33rd St,2.7,"41.834734000000005,-87.625813|41.8349,-87.61793","41.834734000000005,-87.625813","41.8349,-87.61793",3.983333333,1494631740,50.0,141,2017-05-12 23:29:00
30,3068,Columbus Dr & Randolph St,State St & Randolph St,3.916666667,"41.884728,-87.61952099999999|41.8847302,-87.62773357","41.884728,-87.61952099999999","41.8847302,-87.62773357",3.833333333,1494868560,33.0,141,2017-05-15 17:16:00
31,3499,Michigan Ave & Jackson Blvd,Indiana Ave & Roosevelt Rd,4.05,"41.87785,-87.62408|41.867888,-87.623041","41.87785,-87.62408","41.867888,-87.623041",6.708333333,1494954840,31.0,138,2017-05-16 17:14:00
32,274,Clinton St & Washington Blvd,LaSalle St & Jackson Blvd,6.25,"41.883379999999995,-87.64116999999999|41.878170000000004,-87.631985","41.883379999999995,-87.64116999999999","41.878170000000004,-87.631985",6.166666667,1494834420,33.0,137,2017-05-15 07:47:00
33,168,Peoria St & Jackson Blvd,Clinton St & Madison St,6.033333333,"41.877749,-87.649633|41.882242,-87.64106600000001","41.877749,-87.649633","41.882242,-87.64106600000001",6.183333332999999,1495009860,40.0,137,2017-05-17 08:31:00
34,18822,MLK Jr Dr & 29th St,Fort Dearborn Dr & 31st St,20.15,"41.842052,-87.617|41.838556,-87.60821800000001","41.842052,-87.617","41.838556,-87.60821800000001",8.966666667,1495139040,36.5,137,2017-05-18 20:24:00
35,2011,Chicago Ave & Sheridan Rd,Sheridan Rd & Noyes St (NU),3.933333333,"42.050491,-87.677821|42.058239,-87.677432","42.050491,-87.677821","42.058239,-87.677432",4.266666667,1494900240,34.0,136,2017-05-16 02:04:00
36,3728,Michigan Ave & Washington St,Clinton St & Madison St,11.71666667,"41.88389277,-87.62464914|41.882242,-87.64106600000001","41.88389277,-87.62464914","41.882242,-87.64106600000001",9.016666667,1494955320,34.0,135,2017-05-16 17:22:00
37,318,Michigan Ave & Washington St,Canal St & Madison St,7.0,"41.88389277,-87.62464914|41.882090999999996,-87.639833","41.88389277,-87.62464914","41.882090999999996,-87.639833",7.5,1494958200,41.5,135,2017-05-16 18:10:00
38,798,Clinton St & Madison St,LaSalle St & Jackson Blvd,6.1333333329999995,"41.882242,-87.64106600000001|41.878170000000004,-87.631985","41.882242,-87.64106600000001","41.878170000000004,-87.631985",5.75,1495003560,31.0,135,2017-05-17 06:46:00
39,2198,Sheffield Ave & Wellington Ave,Southport Ave & Wellington Ave,3.666666667,"41.936265999999996,-87.652662|41.935733,-87.663576","41.936265999999996,-87.652662","41.935733,-87.663576",3.983333333,1494869850,31.5,132,2017-05-15 17:37:30
40,165,Wilton Ave & Diversey Pkwy,Hampden Ct & Diversey Pkwy,3.4666666669999997,"41.932418,-87.65270500000001|41.93262,-87.642385","41.932418,-87.65270500000001","41.93262,-87.642385",4.1,1494872010,40.0,130,2017-05-15 18:13:30
41,3290,Michigan Ave & Lake St,Canal St & Adams St,9.666666667000001,"41.886024,-87.624117|41.879255,-87.639904","41.886024,-87.624117","41.879255,-87.639904",11.15,1494953280,37.0,129,2017-05-16 16:48:00
42,3675,Sheridan Rd & Irving Park Rd,Pine Grove Ave & Irving Park Rd,2.816666667,"41.954245,-87.65440600000001|41.954383,-87.648043","41.954245,-87.65440600000001","41.954383,-87.648043",3.025,1495037520,28.0,128,2017-05-17 16:12:00
43,6127,Michigan Ave & Oak St,Theater on the Lake,11.8,"41.90096039,-87.62377664|41.926277,-87.630834","41.90096039,-87.62377664","41.926277,-87.630834",15.00833333,1494965370,57.0,128,2017-05-16 20:09:30
44,3336,Columbus Dr & Randolph St,Canal St & Adams St,13.8,"41.884728,-87.61952099999999|41.879255,-87.639904","41.884728,-87.61952099999999","41.879255,-87.639904",12.19166667,1494865470,33.0,128,2017-05-15 16:24:30
45,2268,University Ave & 57th St,Ellis Ave & 60th St,3.8,"41.791478000000005,-87.599861|41.78509715,-87.60107276","41.791478000000005,-87.599861","41.78509715,-87.60107276",3.983333333,1494687960,43.0,127,2017-05-13 15:06:00
46,2934,Wabash Ave & Roosevelt Rd,Michigan Ave & 18th St,8.533333333,"41.867227,-87.625961|41.857813,-87.62455","41.867227,-87.625961","41.857813,-87.62455",4.916666667,1494957600,36.0,127,2017-05-16 18:00:00
47,2075,St. Clair St & Erie St,Clinton St & Washington Blvd,9.883333333,"41.894448,-87.622663|41.883379999999995,-87.64116999999999","41.894448,-87.622663","41.883379999999995,-87.64116999999999",12.03333333,1495036920,39.5,127,2017-05-17 16:02:00
48,2347,Lake Shore Dr & North Blvd,Streeter Dr & Grand Ave,18.21666667,"41.911722,-87.626804|41.892278000000005,-87.612043","41.911722,-87.626804","41.892278000000005,-87.612043",13.41666667,1495364820,27.0,125,2017-05-21 11:07:00
49,2112,Racine Ave & Wrightwood Ave,Sheffield Ave & Fullerton Ave,3.0,"41.928886999999996,-87.658971|41.92560188,-87.65370804","41.928886999999996,-87.658971","41.92560188,-87.65370804",3.383333333,1495025460,48.0,125,2017-05-17 12:51:00
50,791,Kingsbury St & Erie St,Kingsbury St & Kinzie St,3.116666667,"41.893882,-87.641711|41.88917683,-87.63850577","41.893882,-87.641711","41.88917683,-87.63850577",3.1,1494870240,32.0,125,2017-05-15 17:44:00
51,2769,Michigan Ave & Lake St,Clinton St & Washington Blvd,10.0,"41.886024,-87.624117|41.883379999999995,-87.64116999999999","41.886024,-87.624117","41.883379999999995,-87.64116999999999",8.55,1494608760,31.5,125,2017-05-12 17:06:00
52,2975,LaSalle St & Jackson Blvd,Canal St & Madison St,7.8666666670000005,"41.878170000000004,-87.631985|41.882090999999996,-87.639833","41.878170000000004,-87.631985","41.882090999999996,-87.639833",5.366666667,1494949710,50.0,124,2017-05-16 15:48:30
53,3797,Ashland Ave & Division St,Damen Ave & Division St,2.7833333330000003,"41.90345,-87.66774699999999|41.90331,-87.67695","41.90345,-87.66774699999999","41.90331,-87.67695",3.15,1494877020,27.0,122,2017-05-15 19:37:00
54,915,Indiana Ave & Roosevelt Rd,Millennium Park,6.466666667,"41.867888,-87.623041|41.8810317,-87.62408432","41.867888,-87.623041","41.8810317,-87.62408432",8.875,1494924450,34.0,122,2017-05-16 08:47:30
55,64,Canal St & Adams St,Larrabee St & Kingsbury St,10.76666667,"41.879255,-87.639904|41.897764,-87.642884","41.879255,-87.639904","41.897764,-87.642884",10.76666667,1494916440,41.0,121,2017-05-16 06:34:00
56,4792,Kingsbury St & Kinzie St,Kingsbury St & Erie St,3.066666667,"41.88917683,-87.63850577|41.893882,-87.641711","41.88917683,-87.63850577","41.893882,-87.641711",3.0333333330000003,1495025850,35.0,120,2017-05-17 12:57:30
57,2753,Sheffield Ave & Fullerton Ave,Halsted St & Wrightwood Ave,3.2166666669999997,"41.92560188,-87.65370804|41.929142999999996,-87.649077","41.92560188,-87.65370804","41.929142999999996,-87.649077",3.383333333,1495028940,35.0,119,2017-05-17 13:49:00
58,662,Michigan Ave & Washington St,Wacker Dr & Washington St,6.966666667,"41.88389277,-87.62464914|41.88327159,-87.63731329","41.88389277,-87.62464914","41.88327159,-87.63731329",6.7416666670000005,1494953910,39.5,118,2017-05-16 16:58:30
59,3332,Michigan Ave & Lake St,Clinton St & Madison St,9.266666667,"41.886024,-87.624117|41.882242,-87.64106600000001","41.886024,-87.624117","41.882242,-87.64106600000001",9.158333333,1494908100,31.0,118,2017-05-16 04:15:00
60,249,Clinton St & Washington Blvd,Morgan St & Lake St,4.433333333,"41.883379999999995,-87.64116999999999|41.88548331,-87.65230486","41.883379999999995,-87.64116999999999","41.88548331,-87.65230486",5.441666667000001,1494921000,37.0,118,2017-05-16 07:50:00
61,6980,Streeter Dr & Grand Ave,Streeter Dr & Grand Ave,4.383333333,"41.892278000000005,-87.612043|41.892278000000005,-87.612043","41.892278000000005,-87.612043","41.892278000000005,-87.612043",12.90833333,1495445430,37.0,118,2017-05-22 09:30:30
62,1617,Wabash Ave & Adams St,Canal St & Adams St,6.45,"41.87947235,-87.62568861|41.879255,-87.639904","41.87947235,-87.62568861","41.879255,-87.639904",5.7416666670000005,1494907050,39.0,118,2017-05-16 03:57:30
63,5999,Streeter Dr & Grand Ave,Lake Shore Dr & Monroe St,31.06666667,"41.892278000000005,-87.612043|41.880958,-87.616743","41.892278000000005,-87.612043","41.880958,-87.616743",10.44166667,1495766340,45.0,118,2017-05-26 02:39:00
64,2732,Sheridan Rd & Irving Park Rd,Sheridan Rd & Montrose Ave,6.333333333,"41.954245,-87.65440600000001|41.96167,-87.65464","41.954245,-87.65440600000001","41.96167,-87.65464",4.15,1494950820,32.0,117,2017-05-16 16:07:00
65,7673,MLK Jr Dr & 29th St,MLK Jr Dr & 29th St,10.56666667,"41.842052,-87.617|41.842052,-87.617","41.842052,-87.617","41.842052,-87.617",8.466666667,1495184040,36.0,117,2017-05-19 08:54:00
66,1982,Damen Ave & Augusta Blvd,Damen Ave & Pierce Ave,4.016666667,"41.899714,-87.677234|41.90939601,-87.67769193","41.899714,-87.677234","41.90939601,-87.67769193",4.35,1494915720,34.0,117,2017-05-16 06:22:00
67,2700,Kingsbury St & Kinzie St,Desplaines St & Kinzie St,5.1,"41.88917683,-87.63850577|41.88871604,-87.64444785","41.88917683,-87.63850577","41.88871604,-87.64444785",2.933333333,1494911700,34.0,116,2017-05-16 05:15:00
68,248,Damen Ave & Division St,Damen Ave & Pierce Ave,2.133333333,"41.90331,-87.67695|41.90939601,-87.67769193","41.90331,-87.67695","41.90939601,-87.67769193",2.85,1494854820,39.0,116,2017-05-15 13:27:00
69,1205,Franklin St & Monroe St,Michigan Ave & Washington St,8.7,"41.880317,-87.63518499999999|41.88389277,-87.62464914","41.880317,-87.63518499999999","41.88389277,-87.62464914",7.033333333,1494982410,34.0,114,2017-05-17 00:53:30
70,3269,University Ave & 57th St,Kimbark Ave & 53rd St,8.316666667,"41.791478000000005,-87.599861|41.799568,-87.594747","41.791478000000005,-87.599861","41.799568,-87.594747",5.85,1494874740,30.0,113,2017-05-15 18:59:00
71,641,Pine Grove Ave & Irving Park Rd,Sheridan Rd & Irving Park Rd,2.7166666669999997,"41.954383,-87.648043|41.954245,-87.65440600000001","41.954383,-87.648043","41.954245,-87.65440600000001",3.116666667,1495011420,27.0,111,2017-05-17 08:57:00
72,494,Kedzie Ave & Palmer Ct,California Ave & Milwaukee Ave,4.5,"41.921525,-87.70732199999999|41.922695000000004,-87.697153","41.921525,-87.70732199999999","41.922695000000004,-87.697153",4.583333333,1494836940,37.0,111,2017-05-15 08:29:00
73,5037,Indiana Ave & 31st St,State St & 33rd St,3.95,"41.838842,-87.62185699999999|41.834734000000005,-87.625813","41.838842,-87.62185699999999","41.834734000000005,-87.625813",4.616666667,1495115610,30.5,110,2017-05-18 13:53:30
74,3410,Columbus Dr & Randolph St,Clinton St & Madison St,10.75,"41.884728,-87.61952099999999|41.882242,-87.64106600000001","41.884728,-87.61952099999999","41.882242,-87.64106600000001",9.925,1494564930,30.0,110,2017-05-12 04:55:30
75,1284,Clinton St & Madison St,Green St & Madison St,3.7833333330000003,"41.882242,-87.64106600000001|41.881892,-87.64878900000001","41.882242,-87.64106600000001","41.881892,-87.64878900000001",3.666666667,1494920400,30.0,109,2017-05-16 07:40:00
76,1334,Peoria St & Jackson Blvd,Clinton St & Jackson Blvd,3.45,"41.877749,-87.649633|41.878534,-87.640978","41.877749,-87.649633","41.878534,-87.640978",3.866666667,1495009200,27.0,109,2017-05-17 08:20:00
77,3613,Damen Ave & Pierce Ave,Damen Ave & Augusta Blvd,4.233333333,"41.90939601,-87.67769193|41.899714,-87.677234","41.90939601,-87.67769193","41.899714,-87.677234",4.333333333,1494862770,26.0,108,2017-05-15 15:39:30
78,537,Clark St & Wrightwood Ave,Wilton Ave & Diversey Pkwy,4.55,"41.929546,-87.643118|41.932418,-87.65270500000001","41.929546,-87.643118","41.932418,-87.65270500000001",4.775,1495050630,40.0,108,2017-05-17 19:50:30
79,146,Clinton St & Washington Blvd,Columbus Dr & Randolph St,10.83333333,"41.883379999999995,-87.64116999999999|41.884728,-87.61952099999999","41.883379999999995,-87.64116999999999","41.884728,-87.61952099999999",10.90833333,1494921000,40.0,108,2017-05-16 07:50:00
80,3190,Dearborn St & Monroe St,Canal St & Madison St,5.05,"41.88131982,-87.62952092|41.882090999999996,-87.639833","41.88131982,-87.62952092","41.882090999999996,-87.639833",4.541666667,1494865650,43.0,108,2017-05-15 16:27:30
81,3196,Larrabee St & Kingsbury St,Canal St & Adams St,10.2,"41.897764,-87.642884|41.879255,-87.639904","41.897764,-87.642884","41.879255,-87.639904",10.975,1494952710,21.0,106,2017-05-16 16:38:30
82,2153,Wabash Ave & 16th St,Wabash Ave & Roosevelt Rd,3.75,"41.860384,-87.625813|41.867227,-87.625961","41.860384,-87.625813","41.867227,-87.625961",3.583333333,1494856560,33.0,106,2017-05-15 13:56:00
83,4144,Sheffield Ave & Fullerton Ave,Racine Ave & Wrightwood Ave,4.483333333,"41.92560188,-87.65370804|41.928886999999996,-87.658971","41.92560188,-87.65370804","41.928886999999996,-87.658971",3.675,1494912180,40.0,104,2017-05-16 05:23:00
84,1551,Clinton St & Jackson Blvd,Kingsbury St & Kinzie St,13.83333333,"41.878534,-87.640978|41.88917683,-87.63850577","41.878534,-87.640978","41.88917683,-87.63850577",7.791666667,1494806220,30.0,104,2017-05-14 23:57:00
85,5876,Canal St & Monroe St (*),Michigan Ave & Washington St,8.75,"41.880884,-87.639525|41.88389277,-87.62464914","41.880884,-87.639525","41.88389277,-87.62464914",8.266666667,1495096770,36.0,104,2017-05-18 08:39:30
86,3233,Sheridan Rd & Irving Park Rd,Sheridan Rd & Buena Ave,2.416666667,"41.954245,-87.65440600000001|41.958494,-87.654966","41.954245,-87.65440600000001","41.958494,-87.654966",2.758333333,1494972270,48.0,104,2017-05-16 22:04:30
87,183,Clinton St & Washington Blvd,Wells St & Huron St,6.433333332999999,"41.883379999999995,-87.64116999999999|41.894729,-87.634371","41.883379999999995,-87.64116999999999","41.894729,-87.634371",9.366666667,1494836700,38.0,103,2017-05-15 08:25:00
88,909,Broadway & Belmont Ave,Wilton Ave & Belmont Ave,2.766666667,"41.940106,-87.645451|41.94018,-87.65304","41.940106,-87.645451","41.94018,-87.65304",3.1,1494930300,39.0,102,2017-05-16 10:25:00
89,603,Clinton St & Madison St,Franklin St & Jackson Blvd,5.033333333,"41.882242,-87.64106600000001|41.87770796,-87.63532114","41.882242,-87.64106600000001","41.87770796,-87.63532114",4.75,1494924660,28.0,102,2017-05-16 08:51:00
90,1374,Sheridan Rd & Buena Ave,Sheridan Rd & Irving Park Rd,2.55,"41.958494,-87.654966|41.954245,-87.65440600000001","41.958494,-87.654966","41.954245,-87.65440600000001",2.525,1495052760,27.0,102,2017-05-17 20:26:00
91,355,Claremont Ave & Hirsch St,Damen Ave & Pierce Ave,2.95,"41.907781,-87.685854|41.90939601,-87.67769193","41.907781,-87.685854","41.90939601,-87.67769193",3.3,1494917820,32.0,101,2017-05-16 06:57:00
92,1317,Wacker Dr & Washington St,Columbus Dr & Randolph St,8.233333333,"41.88327159,-87.63731329|41.884728,-87.61952099999999","41.88327159,-87.63731329","41.884728,-87.61952099999999",9.083333332999999,1495011150,33.0,100,2017-05-17 08:52:30
93,3340,Theater on the Lake,Lakefront Trail & Bryn Mawr Ave,23.51666667,"41.926277,-87.630834|41.984036700000004,-87.65231047","41.926277,-87.630834","41.984036700000004,-87.65231047",24.84166667,1495024980,34.0,100,2017-05-17 12:43:00
94,490,Financial Pl & Congress Pkwy,Clinton St & Madison St,6.1,"41.87500914,-87.63310582|41.882242,-87.64106600000001","41.87500914,-87.63310582","41.882242,-87.64106600000001",6.708333333,1494923280,36.0,100,2017-05-16 08:28:00
95,2897,Wood St & Taylor St,Clinton St & Jackson Blvd,14.16666667,"41.869153999999995,-87.67104499999999|41.878534,-87.640978","41.869153999999995,-87.67104499999999","41.878534,-87.640978",15.6,1494952560,32.0,99,2017-05-16 16:36:00
96,2997,LaSalle St & Washington St,Michigan Ave & Washington St,5.5,"41.882664,-87.63253|41.88389277,-87.62464914","41.882664,-87.63253","41.88389277,-87.62464914",4.55,1494922680,30.0,99,2017-05-16 08:18:00
97,1936,Michigan Ave & Lake St,Canal St & Madison St,8.85,"41.886024,-87.624117|41.882090999999996,-87.639833","41.886024,-87.624117","41.882090999999996,-87.639833",9.066666667,1494607320,33.0,99,2017-05-12 16:42:00
98,3171,Kingsbury St & Erie St,Canal St & Adams St,8.433333333,"41.893882,-87.641711|41.879255,-87.639904","41.893882,-87.641711","41.879255,-87.639904",8.9,1494957060,33.0,99,2017-05-16 17:51:00
99,148,Kingsbury St & Erie St,Clinton St & Washington Blvd,5.533333333,"41.893882,-87.641711|41.883379999999995,-87.64116999999999","41.893882,-87.641711","41.883379999999995,-87.64116999999999",6.583333333,1494922260,25.0,97,2017-05-16 08:11:00
100,3259,Dearborn St & Erie St,Canal St & Adams St,12.26666667,"41.893992,-87.62931800000001|41.879255,-87.639904","41.893992,-87.62931800000001","41.879255,-87.639904",11.76666667,1494868440,48.5,97,2017-05-15 17:14:00
101,2760,Theater on the Lake,Michigan Ave & Oak St,10.76666667,"41.926277,-87.630834|41.90096039,-87.62377664","41.926277,-87.630834","41.90096039,-87.62377664",14.25,1495092780,33.0,97,2017-05-18 07:33:00
102,2297,Sheridan Rd & Noyes St (NU),Chicago Ave & Sheridan Rd,5.133333333,"42.058239,-87.677432|42.050491,-87.677821","42.058239,-87.677432","42.050491,-87.677821",4.516666667,1494933450,45.0,96,2017-05-16 11:17:30
103,1162,Burnham Harbor,Burnham Harbor,19.91666667,"41.856268,-87.613348|41.856268,-87.613348","41.856268,-87.613348","41.856268,-87.613348",18.7,1495385940,35.0,96,2017-05-21 16:59:00
104,2831,Wells St & Huron St,Clinton St & Washington Blvd,7.966666667,"41.894729,-87.634371|41.883379999999995,-87.64116999999999","41.894729,-87.634371","41.883379999999995,-87.64116999999999",8.4,1494864840,29.5,96,2017-05-15 16:14:00
105,809,Franklin St & Jackson Blvd,State St & Van Buren St,3.683333333,"41.87770796,-87.63532114|41.877181,-87.627844","41.87770796,-87.63532114","41.877181,-87.627844",3.7166666669999997,1494921420,39.0,96,2017-05-16 07:57:00
106,12773,MLK Jr Dr & 29th St,Calumet Ave & 33rd St,22.63333333,"41.842052,-87.617|41.8349,-87.61793","41.842052,-87.617","41.8349,-87.61793",4.883333333,1495122600,39.0,96,2017-05-18 15:50:00
107,647,Columbus Dr & Randolph St,Clark St & Randolph St,5.216666667,"41.884728,-87.61952099999999|41.88457623,-87.63188991","41.884728,-87.61952099999999","41.88457623,-87.63188991",5.433333332999999,1495012110,26.5,96,2017-05-17 09:08:30
108,1091,Clinton St & Lake St,Clinton St & Madison St,2.2,"41.885637,-87.641823|41.882242,-87.64106600000001","41.885637,-87.641823","41.882242,-87.64106600000001",2.2166666669999997,1494759120,51.0,95,2017-05-14 10:52:00
109,3453,LaSalle St & Jackson Blvd,Clinton St & Madison St,10.88333333,"41.878170000000004,-87.631985|41.882242,-87.64106600000001","41.878170000000004,-87.631985","41.882242,-87.64106600000001",6.15,1494864180,49.0,95,2017-05-15 16:03:00
110,2879,Calumet Ave & 33rd St,MLK Jr Dr & 29th St,3.75,"41.8349,-87.61793|41.842052,-87.617","41.8349,-87.61793","41.842052,-87.617",5.058333333,1495016790,30.0,94,2017-05-17 10:26:30
111,38,Kingsbury St & Kinzie St,Clinton St & Madison St,4.716666667,"41.88917683,-87.63850577|41.882242,-87.64106600000001","41.88917683,-87.63850577","41.882242,-87.64106600000001",4.725,1494908010,60.0,94,2017-05-16 04:13:30
112,1814,Kimbark Ave & 53rd St,University Ave & 57th St,6.666666667,"41.799568,-87.594747|41.791478000000005,-87.599861","41.799568,-87.594747","41.791478000000005,-87.599861",6.433333332999999,1494930120,29.5,93,2017-05-16 10:22:00
113,238,Clinton St & Madison St,Kingsbury St & Kinzie St,4.4,"41.882242,-87.64106600000001|41.88917683,-87.63850577","41.882242,-87.64106600000001","41.88917683,-87.63850577",5.85,1495041660,26.0,93,2017-05-17 17:21:00
114,1746,Ellis Ave & 55th St,Ellis Ave & 60th St,5.3,"41.79430062,-87.60144977|41.78509715,-87.60107276","41.79430062,-87.60144977","41.78509715,-87.60107276",4.541666667,1495079130,31.0,92,2017-05-18 03:45:30
115,321,Clinton St & Madison St,Peoria St & Jackson Blvd,4.083333333,"41.882242,-87.64106600000001|41.877749,-87.649633","41.882242,-87.64106600000001","41.877749,-87.649633",5.658333333,1495011030,43.0,92,2017-05-17 08:50:30
116,819,Humboldt Blvd & Armitage Ave,California Ave & Milwaukee Ave,5.75,"41.91751339,-87.70180896|41.922695000000004,-87.697153","41.91751339,-87.70180896","41.922695000000004,-87.697153",4.425,1494940410,39.0,92,2017-05-16 13:13:30
117,2211,Lake Shore Dr & Monroe St,Burnham Harbor,16.81666667,"41.880958,-87.616743|41.856268,-87.613348","41.880958,-87.616743","41.856268,-87.613348",15.66666667,1495386540,31.5,91,2017-05-21 17:09:00
118,501,Clarendon Ave & Gordon Ter,Sheridan Rd & Irving Park Rd,5.066666667,"41.957879,-87.649519|41.954245,-87.65440600000001","41.957879,-87.649519","41.954245,-87.65440600000001",4.066666667,1494868740,27.0,91,2017-05-15 17:19:00
119,3373,Clinton St & Madison St,Financial Pl & Congress Pkwy,4.966666667,"41.882242,-87.64106600000001|41.87500914,-87.63310582","41.882242,-87.64106600000001","41.87500914,-87.63310582",7.3,1494954840,31.0,91,2017-05-16 17:14:00
120,307,Clinton St & Washington Blvd,Rush St & Hubbard St,7.85,"41.883379999999995,-87.64116999999999|41.890011,-87.626293","41.883379999999995,-87.64116999999999","41.890011,-87.626293",8.683333333,1494837180,36.0,91,2017-05-15 08:33:00
121,3323,Wilton Ave & Belmont Ave,Broadway & Belmont Ave,3.95,"41.94018,-87.65304|41.940106,-87.645451","41.94018,-87.65304","41.940106,-87.645451",3.316666667,1495040700,43.0,91,2017-05-17 17:05:00
122,3753,Sheridan Rd & Irving Park Rd,Clarendon Ave & Gordon Ter,3.133333333,"41.954245,-87.65440600000001|41.957879,-87.649519","41.954245,-87.65440600000001","41.957879,-87.649519",3.525,1494952080,24.0,90,2017-05-16 16:28:00
123,3941,Desplaines St & Kinzie St,Kingsbury St & Kinzie St,2.333333333,"41.88871604,-87.64444785|41.88917683,-87.63850577","41.88871604,-87.64444785","41.88917683,-87.63850577",2.866666667,1494769200,47.0,90,2017-05-14 13:40:00
124,699,Franklin St & Chicago Ave,Larrabee St & Kingsbury St,3.45,"41.896776,-87.635633|41.897764,-87.642884","41.896776,-87.635633","41.897764,-87.642884",3.35,1495008120,43.0,90,2017-05-17 08:02:00
125,2500,Millennium Park,Indiana Ave & Roosevelt Rd,8.05,"41.8810317,-87.62408432|41.867888,-87.623041","41.8810317,-87.62408432","41.867888,-87.623041",8.85,1495060560,64.0,89,2017-05-17 22:36:00
126,592,Canal St & Adams St,Kingsbury St & Kinzie St,8.7,"41.879255,-87.639904|41.88917683,-87.63850577","41.879255,-87.639904","41.88917683,-87.63850577",7.6,1494914520,34.0,89,2017-05-16 06:02:00
127,1981,Clinton St & Washington Blvd,Orleans St & Merchandise Mart Plaza,6.05,"41.883379999999995,-87.64116999999999|41.888243,-87.63639","41.883379999999995,-87.64116999999999","41.888243,-87.63639",6.8833333329999995,1494951960,30.0,89,2017-05-16 16:26:00
128,4618,Indiana Ave & 31st St,MLK Jr Dr & 29th St,6.55,"41.838842,-87.62185699999999|41.842052,-87.617","41.838842,-87.62185699999999","41.842052,-87.617",4.783333333,1495127640,35.0,89,2017-05-18 17:14:00
129,1203,California Ave & Milwaukee Ave,Kedzie Ave & Palmer Ct,4.616666667,"41.922695000000004,-87.697153|41.921525,-87.70732199999999","41.922695000000004,-87.697153","41.921525,-87.70732199999999",4.633333333,1494628800,26.0,89,2017-05-12 22:40:00
130,3038,University Library (NU),Benson Ave & Church St,6.033333333,"42.052939,-87.673447|42.048214,-87.683485","42.052939,-87.673447","42.048214,-87.683485",6.183333332999999,1494865020,49.5,89,2017-05-15 16:17:00
131,808,State St & Van Buren St,Franklin St & Jackson Blvd,3.55,"41.877181,-87.627844|41.87770796,-87.63532114","41.877181,-87.627844","41.87770796,-87.63532114",3.55,1494867060,37.5,89,2017-05-15 16:51:00
132,1432,Clark St & Armitage Ave,Sedgwick St & North Ave,3.516666667,"41.918306,-87.636282|41.911386,-87.638677","41.918306,-87.636282","41.911386,-87.638677",4.016666667,1494878460,48.0,89,2017-05-15 20:01:00
133,4590,Fairbanks Ct & Grand Ave,Wabash Ave & Grand Ave,2.766666667,"41.89186,-87.62062|41.891738000000004,-87.626937","41.89186,-87.62062","41.891738000000004,-87.626937",2.608333333,1494990900,27.0,88,2017-05-17 03:15:00
134,1309,Sheridan Rd & Montrose Ave,Sheridan Rd & Irving Park Rd,5.6166666670000005,"41.96167,-87.65464|41.954245,-87.65440600000001","41.96167,-87.65464","41.954245,-87.65440600000001",4.716666667,1495042950,38.0,88,2017-05-17 17:42:30
135,1323,Clinton St & Madison St,Michigan Ave & Washington St,8.983333333,"41.882242,-87.64106600000001|41.88389277,-87.62464914","41.882242,-87.64106600000001","41.88389277,-87.62464914",8.233333333,1494935790,33.0,88,2017-05-16 11:56:30
136,3661,University Ave & 57th St,Lake Park Ave & 56th St,5.133333333,"41.791478000000005,-87.599861|41.793242,-87.58778199999999","41.791478000000005,-87.599861","41.793242,-87.58778199999999",4.75,1494949890,32.0,88,2017-05-16 15:51:30
137,412,Kingsbury St & Kinzie St,Canal St & Adams St,8.7,"41.88917683,-87.63850577|41.879255,-87.639904","41.88917683,-87.63850577","41.879255,-87.639904",6.816666667000001,1494950580,35.0,88,2017-05-16 16:03:00
138,604,Campbell Ave & Montrose Ave,Rockwell St & Eastwood Ave,3.183333333,"41.96152593,-87.69116504|41.96590014,-87.69363849","41.96152593,-87.69116504","41.96590014,-87.69363849",2.866666667,1494836670,31.5,88,2017-05-15 08:24:30
139,4038,Wilton Ave & Diversey Pkwy,Clark St & Wrightwood Ave,4.433333333,"41.932418,-87.65270500000001|41.929546,-87.643118","41.932418,-87.65270500000001","41.929546,-87.643118",5.183333333,1495126560,38.0,87,2017-05-18 16:56:00
140,790,Lake Park Ave & 56th St,University Ave & 57th St,8.3,"41.793242,-87.58778199999999|41.791478000000005,-87.599861","41.793242,-87.58778199999999","41.791478000000005,-87.599861",5.05,1494852960,41.0,87,2017-05-15 12:56:00
141,859,MLK Jr Dr & 29th St,Indiana Ave & 31st St,4.383333333,"41.842052,-87.617|41.838842,-87.62185699999999","41.842052,-87.617","41.838842,-87.62185699999999",4.483333333,1494986730,34.5,86,2017-05-17 02:05:30
142,743,Loomis St & Lexington St,Morgan St & Polk St,4.0,"41.872187,-87.661501|41.871736999999996,-87.65103","41.872187,-87.661501","41.871736999999996,-87.65103",5.066666667,1495246920,43.0,86,2017-05-20 02:22:00
143,598,Benson Ave & Church St,University Library (NU),4.95,"42.048214,-87.683485|42.052939,-87.673447","42.048214,-87.683485","42.052939,-87.673447",5.8666666670000005,1494921390,48.0,86,2017-05-16 07:56:30
144,4548,Damen Ave & Pierce Ave,Damen Ave & Division St,2.9666666669999997,"41.90939601,-87.67769193|41.90331,-87.67695","41.90939601,-87.67769193","41.90331,-87.67695",3.0333333330000003,1495128630,31.5,86,2017-05-18 17:30:30
145,16826,Theater on the Lake,Lake Shore Dr & North Blvd,21.88333333,"41.926277,-87.630834|41.911722,-87.626804","41.926277,-87.630834","41.911722,-87.626804",13.3,1495370340,43.0,85,2017-05-21 12:39:00
146,139,Clinton St & Jackson Blvd,Clinton St & Madison St,2.5,"41.878534,-87.640978|41.882242,-87.64106600000001","41.878534,-87.640978","41.882242,-87.64106600000001",2.816666667,1494620580,30.0,85,2017-05-12 20:23:00
147,310,Clinton St & Washington Blvd,LaSalle St & Washington St,6.25,"41.883379999999995,-87.64116999999999|41.882664,-87.63253","41.883379999999995,-87.64116999999999","41.882664,-87.63253",4.683333333,1494832740,30.5,85,2017-05-15 07:19:00
148,7108,Wilton Ave & Belmont Ave,Broadway & Barry Ave,21.05,"41.94018,-87.65304|41.937725,-87.644095","41.94018,-87.65304","41.937725,-87.644095",4.666666667,1495132500,39.0,85,2017-05-18 18:35:00
149,1042,Clark St & Lake St,Canal St & Adams St,9.8,"41.88602083,-87.63087606|41.879255,-87.639904","41.88602083,-87.63087606","41.879255,-87.639904",7.2416666670000005,1495034490,33.5,84,2017-05-17 15:21:30
150,1703,Clark St & Randolph St,Clinton St & Washington Blvd,8.166666667000001,"41.88457623,-87.63188991|41.883379999999995,-87.64116999999999","41.88457623,-87.63188991","41.883379999999995,-87.64116999999999",4.825,1494934080,31.0,84,2017-05-16 11:28:00
151,3181,Sheridan Rd & Noyes St (NU),Benson Ave & Church St,7.066666667000001,"42.058239,-87.677432|42.048214,-87.683485","42.058239,-87.677432","42.048214,-87.683485",6.65,1494869940,42.0,83,2017-05-15 17:39:00
152,1451,Clinton St & Madison St,Clinton St & Tilden St,4.25,"41.882242,-87.64106600000001|41.875885,-87.640795","41.882242,-87.64106600000001","41.875885,-87.640795",4.35,1494922980,36.5,83,2017-05-16 08:23:00
153,466,Clinton St & Washington Blvd,Kingsbury St & Kinzie St,4.783333333,"41.883379999999995,-87.64116999999999|41.88917683,-87.63850577","41.883379999999995,-87.64116999999999","41.88917683,-87.63850577",5.433333332999999,1494869220,30.0,83,2017-05-15 17:27:00
154,1578,Theater on the Lake,Theater on the Lake,14.73333333,"41.926277,-87.630834|41.926277,-87.630834","41.926277,-87.630834","41.926277,-87.630834",20.13333333,1495116420,28.0,83,2017-05-18 14:07:00
155,1640,Wacker Dr & Washington St,Daley Center Plaza,4.383333333,"41.88327159,-87.63731329|41.884240999999996,-87.629634","41.88327159,-87.63731329","41.884240999999996,-87.629634",4.383333333,1494863520,37.5,83,2017-05-15 15:52:00
156,1006,Federal St & Polk St,Daley Center Plaza,8.433333333,"41.87207763,-87.62954377|41.884240999999996,-87.629634","41.87207763,-87.62954377","41.884240999999996,-87.629634",7.933333332999999,1494845040,29.0,83,2017-05-15 10:44:00
157,5002,Damen Ave & Cortland St,Marshfield Ave & Cortland St,3.883333333,"41.916027,-87.67741099999999|41.916017,-87.668879","41.916027,-87.67741099999999","41.916017,-87.668879",3.358333333,1494969240,32.0,82,2017-05-16 21:14:00
158,1315,Halsted St & Roscoe St,Wilton Ave & Belmont Ave,3.9,"41.943670000000004,-87.64895|41.94018,-87.65304","41.943670000000004,-87.64895","41.94018,-87.65304",3.566666667,1494923100,27.5,82,2017-05-16 08:25:00
159,2558,Morgan St & Polk St,Loomis St & Lexington St,3.95,"41.871736999999996,-87.65103|41.872187,-87.661501","41.871736999999996,-87.65103","41.872187,-87.661501",5.258333333,1495303650,52.0,82,2017-05-20 18:07:30
160,105,Lakefront Trail & Bryn Mawr Ave,Theater on the Lake,21.08333333,"41.984036700000004,-87.65231047|41.926277,-87.630834","41.984036700000004,-87.65231047","41.926277,-87.630834",24.1,1495337250,28.0,82,2017-05-21 03:27:30
161,4134,Wilton Ave & Belmont Ave,Halsted St & Roscoe St,3.1,"41.94018,-87.65304|41.943670000000004,-87.64895","41.94018,-87.65304","41.943670000000004,-87.64895",3.566666667,1494870600,31.0,82,2017-05-15 17:50:00
162,3426,Ravenswood Ave & Lawrence Ave,Ravenswood Ave & Balmoral Ave,4.95,"41.96909,-87.674237|41.97977022,-87.67581473","41.96909,-87.674237","41.97977022,-87.67581473",5.441666667000001,1495042920,33.0,82,2017-05-17 17:42:00
163,627,Michigan Ave & 18th St,Wabash Ave & Roosevelt Rd,4.616666667,"41.857813,-87.62455|41.867227,-87.625961","41.857813,-87.62455","41.867227,-87.625961",4.8,1494991380,38.0,82,2017-05-17 03:23:00
164,3160,Ashland Ave & Division St,Western Ave & Division St,7.916666667,"41.90345,-87.66774699999999|41.902893,-87.687275","41.90345,-87.66774699999999","41.902893,-87.687275",6.908333333,1494954240,32.0,82,2017-05-16 17:04:00
165,1193,Desplaines St & Kinzie St,Clinton St & Madison St,4.633333333,"41.88871604,-87.64444785|41.882242,-87.64106600000001","41.88871604,-87.64444785","41.882242,-87.64106600000001",4.85,1495009980,36.0,81,2017-05-17 08:33:00
166,85,Broadway & Barry Ave,Wilton Ave & Belmont Ave,5.35,"41.937725,-87.644095|41.94018,-87.65304","41.937725,-87.644095","41.94018,-87.65304",4.833333333,1495090380,47.0,81,2017-05-18 06:53:00
167,6170,Theater on the Lake,Montrose Harbor,17.06666667,"41.926277,-87.630834|41.963982,-87.638181","41.926277,-87.630834","41.963982,-87.638181",23.18333333,1495305720,33.0,81,2017-05-20 18:42:00
168,269,Halsted St & Wrightwood Ave,Wilton Ave & Diversey Pkwy,3.016666667,"41.929142999999996,-87.649077|41.932418,-87.65270500000001","41.929142999999996,-87.649077","41.932418,-87.65270500000001",2.625,1495155480,33.0,80,2017-05-19 00:58:00
169,2718,Kingsbury St & Kinzie St,Clinton St & Washington Blvd,3.6,"41.88917683,-87.63850577|41.883379999999995,-87.64116999999999","41.88917683,-87.63850577","41.883379999999995,-87.64116999999999",4.25,1494869310,28.0,80,2017-05-15 17:28:30
170,2255,Dearborn St & Monroe St,Federal St & Polk St,7.6,"41.88131982,-87.62952092|41.87207763,-87.62954377","41.88131982,-87.62952092","41.87207763,-87.62954377",6.966666667,1494603660,33.0,79,2017-05-12 15:41:00
171,1933,Rush St & Hubbard St,Clinton St & Washington Blvd,8.333333332999999,"41.890011,-87.626293|41.883379999999995,-87.64116999999999","41.890011,-87.626293","41.883379999999995,-87.64116999999999",9.133333333,1494942780,36.0,78,2017-05-16 13:53:00
172,2952,LaSalle St & Adams St,Canal St & Madison St,4.1,"41.87934437,-87.63198522|41.882090999999996,-87.639833","41.87934437,-87.63198522","41.882090999999996,-87.639833",4.608333333,1495123740,48.0,78,2017-05-18 16:09:00
173,3099,Orleans St & Merchandise Mart Plaza,Canal St & Madison St,5.716666667,"41.888243,-87.63639|41.882090999999996,-87.639833","41.888243,-87.63639","41.882090999999996,-87.639833",5.358333333,1494877470,30.0,78,2017-05-15 19:44:30
174,555,Canal St & Adams St,Columbus Dr & Randolph St,11.66666667,"41.879255,-87.639904|41.884728,-87.61952099999999","41.879255,-87.639904","41.884728,-87.61952099999999",11.54166667,1494852270,52.0,78,2017-05-15 12:44:30
175,486,Clinton St & Washington Blvd,Michigan Ave & Lake St,8.733333333,"41.883379999999995,-87.64116999999999|41.886024,-87.624117","41.883379999999995,-87.64116999999999","41.886024,-87.624117",8.791666667000001,1494530460,28.0,78,2017-05-11 19:21:00
176,3739,Damen Ave & Pierce Ave,Claremont Ave & Hirsch St,2.55,"41.90939601,-87.67769193|41.907781,-87.685854","41.90939601,-87.67769193","41.907781,-87.685854",3.483333333,1495129920,42.0,78,2017-05-18 17:52:00
177,2839,Morgan St & Lake St,Clinton St & Washington Blvd,6.05,"41.88548331,-87.65230486|41.883379999999995,-87.64116999999999","41.88548331,-87.65230486","41.883379999999995,-87.64116999999999",5.358333333,1494914010,40.0,78,2017-05-16 05:53:30
178,360,Michigan Ave & Jackson Blvd,Franklin St & Monroe St,4.366666667,"41.87785,-87.62408|41.880317,-87.63518499999999","41.87785,-87.62408","41.880317,-87.63518499999999",5.4916666670000005,1494838950,34.0,78,2017-05-15 09:02:30
179,2250,LaSalle St & Washington St,Canal St & Madison St,4.633333333,"41.882664,-87.63253|41.882090999999996,-87.639833","41.882664,-87.63253","41.882090999999996,-87.639833",3.683333333,1494954300,27.5,77,2017-05-16 17:05:00
180,6291,Montrose Harbor,Lakefront Trail & Bryn Mawr Ave,10.96666667,"41.963982,-87.638181|41.984036700000004,-87.65231047","41.963982,-87.638181","41.984036700000004,-87.65231047",14.46666667,1495654260,26.0,77,2017-05-24 19:31:00
181,5545,Sheffield Ave & Fullerton Ave,Greenview Ave & Fullerton Ave,5.816666667000001,"41.92560188,-87.65370804|41.925329999999995,-87.6658","41.92560188,-87.65370804","41.925329999999995,-87.6658",4.416666667,1495039860,33.0,77,2017-05-17 16:51:00
182,61,Canal St & Adams St,St. Clair St & Erie St,11.53333333,"41.879255,-87.639904|41.894448,-87.622663","41.879255,-87.639904","41.894448,-87.622663",12.41666667,1494839040,44.0,77,2017-05-15 09:04:00
183,3720,Ashland Ave & Division St,Wood St & Division St,1.8166666669999998,"41.90345,-87.66774699999999|41.90332,-87.67273","41.90345,-87.66774699999999","41.90332,-87.67273",1.85,1494857400,32.5,77,2017-05-15 14:10:00
184,901,Canal St & Adams St,Michigan Ave & Lake St,11.18333333,"41.879255,-87.639904|41.886024,-87.624117","41.879255,-87.639904","41.886024,-87.624117",9.95,1494573060,38.0,77,2017-05-12 07:11:00
185,3377,Clinton St & Lake St,Canal St & Adams St,3.95,"41.885637,-87.641823|41.879255,-87.639904","41.885637,-87.641823","41.879255,-87.639904",3.816666667,1495039140,39.0,77,2017-05-17 16:39:00
186,4059,California Ave & Milwaukee Ave,Humboldt Blvd & Armitage Ave,3.933333333,"41.922695000000004,-87.697153|41.91751339,-87.70180896","41.922695000000004,-87.697153","41.91751339,-87.70180896",4.433333333,1495134090,42.0,76,2017-05-18 19:01:30
187,1974,Lake Shore Dr & North Blvd,Theater on the Lake,16.0,"41.911722,-87.626804|41.926277,-87.630834","41.911722,-87.626804","41.926277,-87.630834",12.91666667,1495112370,42.0,76,2017-05-18 12:59:30
188,822,Sheffield Ave & Wellington Ave,Broadway & Barry Ave,3.366666667,"41.936265999999996,-87.652662|41.937725,-87.644095","41.936265999999996,-87.652662","41.937725,-87.644095",4.4,1494872700,21.0,76,2017-05-15 18:25:00
189,6861,Lake Shore Dr & Monroe St,Dusable Harbor,14.43333333,"41.880958,-87.616743|41.88504199,-87.61279454","41.880958,-87.616743","41.88504199,-87.61279454",4.65,1495389960,29.0,76,2017-05-21 18:06:00
190,2105,Kimbark Ave & 53rd St,Ellis Ave & 60th St,9.033333333,"41.799568,-87.594747|41.78509715,-87.60107276","41.799568,-87.594747","41.78509715,-87.60107276",9.5,1495079400,32.0,76,2017-05-18 03:50:00
191,55,Canal St & Madison St,Columbus Dr & Randolph St,9.433333333,"41.882090999999996,-87.639833|41.884728,-87.61952099999999","41.882090999999996,-87.639833","41.884728,-87.61952099999999",10.8,1495093110,36.0,76,2017-05-18 07:38:30
192,2701,Fort Dearborn Dr & 31st St,MLK Jr Dr & 29th St,5.516666667000001,"41.838556,-87.60821800000001|41.842052,-87.617","41.838556,-87.60821800000001","41.842052,-87.617",7.183333332999999,1495142160,33.0,75,2017-05-18 21:16:00
193,1723,Kingsbury St & Kinzie St,Clinton St & Lake St,3.2,"41.88917683,-87.63850577|41.885637,-87.641823","41.88917683,-87.63850577","41.885637,-87.641823",3.2,1494855600,27.0,75,2017-05-15 13:40:00
194,2380,Wells St & Concord Ln,Clark St & Armitage Ave,3.516666667,"41.912133000000004,-87.634656|41.918306,-87.636282","41.912133000000004,-87.634656","41.918306,-87.636282",3.7,1495135380,28.0,75,2017-05-18 19:23:00
195,565,Leavitt St & Lawrence Ave,Ravenswood Ave & Lawrence Ave,3.0,"41.968885,-87.684001|41.96909,-87.674237","41.968885,-87.684001","41.96909,-87.674237",4.033333333,1494836820,35.0,75,2017-05-15 08:27:00
196,3476,St. Clair St & Erie St,Canal St & Adams St,11.86666667,"41.894448,-87.622663|41.879255,-87.639904","41.894448,-87.622663","41.879255,-87.639904",13.96666667,1494864540,50.0,75,2017-05-15 16:09:00
197,1431,Clinton St & Washington Blvd,Daley Center Plaza,7.016666667000001,"41.883379999999995,-87.64116999999999|41.884240999999996,-87.629634","41.883379999999995,-87.64116999999999","41.884240999999996,-87.629634",6.333333333,1495015020,33.0,75,2017-05-17 09:57:00
198,1174,Dearborn St & Adams St,Canal St & Madison St,5.716666667,"41.87935636,-87.62979104|41.882090999999996,-87.639833","41.87935636,-87.62979104","41.882090999999996,-87.639833",5.475,1494952830,36.0,74,2017-05-16 16:40:30
199,1639,Kingsbury St & Kinzie St,Larrabee St & Kingsbury St,5.6333333329999995,"41.88917683,-87.63850577|41.897764,-87.642884","41.88917683,-87.63850577","41.897764,-87.642884",5.2,1494957030,34.0,74,2017-05-16 17:50:30
200,228,Western Ave & Division St,Ashland Ave & Division St,5.8,"41.902893,-87.687275|41.90345,-87.66774699999999","41.902893,-87.687275","41.90345,-87.66774699999999",6.4,1494956700,41.0,73,2017-05-16 17:45:00
201,2276,Hampden Ct & Diversey Pkwy,Wilton Ave & Diversey Pkwy,4.266666667,"41.93262,-87.642385|41.932418,-87.65270500000001","41.93262,-87.642385","41.932418,-87.65270500000001",4.483333333,1494835260,30.0,73,2017-05-15 08:01:00
202,5434,MLK Jr Dr & 29th St,State St & 35th St,10.08333333,"41.842052,-87.617|41.83104,-87.62688","41.842052,-87.617","41.83104,-87.62688",10.56666667,1495029120,29.0,73,2017-05-17 13:52:00
203,2754,Daley Center Plaza,Canal St & Adams St,8.583333332999999,"41.884240999999996,-87.629634|41.879255,-87.639904","41.884240999999996,-87.629634","41.879255,-87.639904",8.05,1494869100,43.0,73,2017-05-15 17:25:00
204,73,Cornell Ave & Hyde Park Blvd,University Ave & 57th St,9.733333333,"41.802406,-87.586924|41.791478000000005,-87.599861","41.802406,-87.586924","41.791478000000005,-87.599861",10.01666667,1494941580,51.5,73,2017-05-16 13:33:00
205,156,Canal St & Madison St,LaSalle St & Jackson Blvd,4.9,"41.882090999999996,-87.639833|41.878170000000004,-87.631985","41.882090999999996,-87.639833","41.878170000000004,-87.631985",5.85,1494917100,34.0,73,2017-05-16 06:45:00
206,10430,Shedd Aquarium,Lake Shore Dr & Monroe St,25.46666667,"41.86722596,-87.61535539|41.880958,-87.616743","41.86722596,-87.61535539","41.880958,-87.616743",11.075,1495359210,50.0,72,2017-05-21 09:33:30
207,2472,Michigan Ave & Madison St,Canal St & Madison St,6.8666666670000005,"41.882134,-87.625125|41.882090999999996,-87.639833","41.882134,-87.625125","41.882090999999996,-87.639833",5.425,1494992190,57.0,72,2017-05-17 03:36:30
208,2274,Clark St & Armitage Ave,Wells St & Concord Ln,2.85,"41.918306,-87.636282|41.912133000000004,-87.634656","41.918306,-87.636282","41.912133000000004,-87.634656",3.233333333,1494982920,29.0,72,2017-05-17 01:02:00
209,1005,Columbus Dr & Randolph St,Daley Center Plaza,3.683333333,"41.884728,-87.61952099999999|41.884240999999996,-87.629634","41.884728,-87.61952099999999","41.884240999999996,-87.629634",4.683333333,1494892440,33.0,72,2017-05-15 23:54:00
210,314,Clinton St & Washington Blvd,LaSalle St & Illinois St,5.85,"41.883379999999995,-87.64116999999999|41.890755,-87.632009","41.883379999999995,-87.64116999999999","41.890755,-87.632009",7.708333333,1494899250,42.0,72,2017-05-16 01:47:30
211,231,Ravenswood Ave & Balmoral Ave,Ravenswood Ave & Lawrence Ave,7.55,"41.97977022,-87.67581473|41.96909,-87.674237","41.97977022,-87.67581473","41.96909,-87.674237",5.541666667,1494922230,27.0,72,2017-05-16 08:10:30
212,1227,Franklin St & Jackson Blvd,Michigan Ave & Washington St,7.933333332999999,"41.87770796,-87.63532114|41.88389277,-87.62464914","41.87770796,-87.63532114","41.88389277,-87.62464914",7.9,1494923100,46.0,71,2017-05-16 08:25:00
213,60,Canal St & Adams St,Daley Center Plaza,6.05,"41.879255,-87.639904|41.884240999999996,-87.629634","41.879255,-87.639904","41.884240999999996,-87.629634",6.983333332999999,1494573600,50.0,71,2017-05-12 07:20:00
214,2284,Clinton St & Madison St,Clinton St & Lake St,2.25,"41.882242,-87.64106600000001|41.885637,-87.641823","41.882242,-87.64106600000001","41.885637,-87.641823",2.616666667,1494942900,32.5,71,2017-05-16 13:55:00
215,240,Clinton St & Jackson Blvd,Clinton St & Lake St,4.4,"41.878534,-87.640978|41.885637,-87.641823","41.878534,-87.640978","41.885637,-87.641823",5.1,1494914520,32.0,71,2017-05-16 06:02:00
216,1134,Clinton St & Jackson Blvd,Michigan Ave & Washington St,9.1,"41.878534,-87.640978|41.88389277,-87.62464914","41.878534,-87.640978","41.88389277,-87.62464914",10.75,1495008480,41.0,71,2017-05-17 08:08:00
217,684,Marshfield Ave & Cortland St,Damen Ave & Cortland St,3.333333333,"41.916017,-87.668879|41.916027,-87.67741099999999","41.916017,-87.668879","41.916027,-87.67741099999999",3.2166666669999997,1494971400,31.0,71,2017-05-16 21:50:00
218,122,Aberdeen St & Monroe St,Jefferson St & Monroe St,4.433333333,"41.88042,-87.655599|41.880421999999996,-87.642746","41.88042,-87.655599","41.880421999999996,-87.642746",4.7,1494482280,36.0,71,2017-05-11 05:58:00
219,62,Clinton St & Jackson Blvd,Wood St & Taylor St,13.73333333,"41.878534,-87.640978|41.869153999999995,-87.67104499999999","41.878534,-87.640978","41.869153999999995,-87.67104499999999",14.34166667,1494585840,36.0,70,2017-05-12 10:44:00
220,2074,Ellis Ave & 60th St,Ellis Ave & 55th St,5.6166666670000005,"41.78509715,-87.60107276|41.79430062,-87.60144977","41.78509715,-87.60107276","41.79430062,-87.60144977",4.816666667,1494793470,54.0,70,2017-05-14 20:24:30
221,317,Aberdeen St & Monroe St,Franklin St & Monroe St,7.666666667,"41.88042,-87.655599|41.880317,-87.63518499999999","41.88042,-87.655599","41.880317,-87.63518499999999",7.75,1494919200,27.0,70,2017-05-16 07:20:00
222,668,Damen Ave & Foster Ave,Damen Ave & Leland Ave,3.85,"41.97561481,-87.67945904|41.967094,-87.679028","41.97561481,-87.67945904","41.967094,-87.679028",4.625,1495092180,49.0,70,2017-05-18 07:23:00
223,354,Pine Grove Ave & Irving Park Rd,Pine Grove Ave & Waveland Ave,2.516666667,"41.954383,-87.648043|41.949275,-87.646303","41.954383,-87.648043","41.949275,-87.646303",2.808333333,1494956730,28.0,70,2017-05-16 17:45:30
224,4960,Benson Ave & Church St,Sheridan Rd & Noyes St (NU),5.533333333,"42.048214,-87.683485|42.058239,-87.677432","42.048214,-87.683485","42.058239,-87.677432",7.1166666670000005,1494844920,29.0,69,2017-05-15 10:42:00
225,390,Clark St & Wellington Ave,Sheffield Ave & Wellington Ave,1.8333333330000001,"41.93649682,-87.64753866|41.936265999999996,-87.652662","41.93649682,-87.64753866","41.936265999999996,-87.652662",2.2,1494836880,32.0,69,2017-05-15 08:28:00
226,88,Clinton St & Lake St,Clinton St & Jackson Blvd,4.466666667,"41.885637,-87.641823|41.878534,-87.640978","41.885637,-87.641823","41.878534,-87.640978",4.2,1494754800,35.0,69,2017-05-14 09:40:00
227,4847,Larrabee St & Kingsbury St,Kingsbury St & Kinzie St,5.45,"41.897764,-87.642884|41.88917683,-87.63850577","41.897764,-87.642884","41.88917683,-87.63850577",4.783333333,1494965040,30.0,69,2017-05-16 20:04:00
228,431,MLK Jr Dr & 29th St,McCormick Place,3.883333333,"41.842052,-87.617|41.85137517,-87.61883465","41.842052,-87.617","41.85137517,-87.61883465",6.216666667,1494957300,44.0,68,2017-05-16 17:55:00
229,6481,Dearborn St & Erie St,Clark St & Elm St,7.916666667,"41.893992,-87.62931800000001|41.902972999999996,-87.63128","41.893992,-87.62931800000001","41.902972999999996,-87.63128",5.45,1494813750,53.0,68,2017-05-15 02:02:30
230,2316,Morgan St & Lake St,Clinton St & Madison St,4.916666667,"41.88548331,-87.65230486|41.882242,-87.64106600000001","41.88548331,-87.65230486","41.882242,-87.64106600000001",5.108333333,1494607320,28.0,68,2017-05-12 16:42:00
231,2810,McClurg Ct & Illinois St,Wabash Ave & Grand Ave,5.0,"41.891020000000005,-87.6173|41.891738000000004,-87.626937","41.891020000000005,-87.6173","41.891738000000004,-87.626937",4.466666667,1494771030,38.0,68,2017-05-14 14:10:30
232,2639,Wabash Ave & Adams St,Canal St & Madison St,5.583333333,"41.87947235,-87.62568861|41.882090999999996,-87.639833","41.87947235,-87.62568861","41.882090999999996,-87.639833",6.658333333,1494432390,38.0,68,2017-05-10 16:06:30
233,586,Clinton St & Washington Blvd,Racine Ave (May St) & Fulton St,9.133333333,"41.883379999999995,-87.64116999999999|41.886926,-87.65691899999999","41.883379999999995,-87.64116999999999","41.886926,-87.65691899999999",9.133333333,1494833100,25.0,68,2017-05-15 07:25:00
234,3061,State St & Randolph St,Clinton St & Madison St,8.783333333,"41.8847302,-87.62773357|41.882242,-87.64106600000001","41.8847302,-87.62773357","41.882242,-87.64106600000001",7.3,1494704340,43.0,67,2017-05-13 19:39:00
235,421,Damen Ave & Augusta Blvd,Ashland Ave & Division St,4.966666667,"41.899714,-87.677234|41.90345,-87.66774699999999","41.899714,-87.677234","41.90345,-87.66774699999999",4.5,1495090740,32.0,67,2017-05-18 06:59:00
236,5451,Dearborn St & Erie St,McClurg Ct & Erie St,5.833333333,"41.893992,-87.62931800000001|41.894503,-87.61785400000001","41.893992,-87.62931800000001","41.894503,-87.61785400000001",5.166666667,1494875820,29.0,67,2017-05-15 19:17:00
237,4312,Damen Ave & Pierce Ave,Damen Ave & Chicago Ave,6.1166666670000005,"41.90939601,-87.67769193|41.895769,-87.67721999999999","41.90939601,-87.67769193","41.895769,-87.67721999999999",6.466666667,1495020720,31.0,67,2017-05-17 11:32:00
238,3933,Ravenswood Ave & Lawrence Ave,Clark St & Winnemac Ave,4.2,"41.96909,-87.674237|41.973385,-87.66836500000001","41.96909,-87.674237","41.973385,-87.66836500000001",4.4,1495043820,29.0,67,2017-05-17 17:57:00
239,2686,Larrabee St & Kingsbury St,Larrabee St & Division St,3.233333333,"41.897764,-87.642884|41.90348607,-87.64335349","41.897764,-87.642884","41.90348607,-87.64335349",2.983333333,1495036020,50.0,67,2017-05-17 15:47:00
240,6990,State St & 35th St,MLK Jr Dr & 29th St,9.366666667,"41.83104,-87.62688|41.842052,-87.617","41.83104,-87.62688","41.842052,-87.617",11.0,1495027260,32.0,67,2017-05-17 13:21:00
241,9241,Lake Shore Dr & Monroe St,Lake Shore Dr & Monroe St,3.35,"41.880958,-87.616743|41.880958,-87.616743","41.880958,-87.616743","41.880958,-87.616743",16.98333333,1495826520,50.0,67,2017-05-26 19:22:00
242,2157,Lake Shore Dr & North Blvd,Michigan Ave & Oak St,6.45,"41.911722,-87.626804|41.90096039,-87.62377664","41.911722,-87.626804","41.90096039,-87.62377664",6.516666667000001,1495377420,55.0,67,2017-05-21 14:37:00
243,1794,Wells St & Polk St,Daley Center Plaza,6.1,"41.872372999999996,-87.633523|41.884240999999996,-87.629634","41.872372999999996,-87.633523","41.884240999999996,-87.629634",8.325,1494837570,29.0,66,2017-05-15 08:39:30
244,123,Peoria St & Jackson Blvd,Franklin St & Jackson Blvd,5.516666667000001,"41.877749,-87.649633|41.87770796,-87.63532114","41.877749,-87.649633","41.87770796,-87.63532114",5.8,1494966180,28.0,66,2017-05-16 20:23:00
245,2488,University Ave & 57th St,Ellis Ave & 53rd St,4.416666667,"41.791478000000005,-87.599861|41.79933626,-87.60095811","41.791478000000005,-87.599861","41.79933626,-87.60095811",4.55,1494970740,29.0,66,2017-05-16 21:39:00
246,491,Clinton St & Washington Blvd,Larrabee St & Kingsbury St,8.933333333,"41.883379999999995,-87.64116999999999|41.897764,-87.642884","41.883379999999995,-87.64116999999999","41.897764,-87.642884",9.566666667,1494833430,41.0,66,2017-05-15 07:30:30
247,1058,Canal St & Adams St,Clark St & Lake St,7.8833333329999995,"41.879255,-87.639904|41.88602083,-87.63087606","41.879255,-87.639904","41.88602083,-87.63087606",7.4,1495005630,31.5,66,2017-05-17 07:20:30
248,3738,State St & Van Buren St,Canal St & Madison St,7.666666667,"41.877181,-87.627844|41.882090999999996,-87.639833","41.877181,-87.627844","41.882090999999996,-87.639833",7.483333332999999,1494949500,29.0,66,2017-05-16 15:45:00
249,423,Aberdeen St & Monroe St,Kingsbury St & Kinzie St,8.266666667,"41.88042,-87.655599|41.88917683,-87.63850577","41.88042,-87.655599","41.88917683,-87.63850577",9.575,1495005240,44.0,66,2017-05-17 07:14:00
250,2738,Daley Center Plaza,Federal St & Polk St,9.416666667000001,"41.884240999999996,-87.629634|41.87207763,-87.62954377","41.884240999999996,-87.629634","41.87207763,-87.62954377",9.058333333,1494861990,51.0,66,2017-05-15 15:26:30
251,9282,Burnham Harbor,Indiana Ave & Roosevelt Rd,7.65,"41.856268,-87.613348|41.867888,-87.623041","41.856268,-87.613348","41.867888,-87.623041",14.83333333,1495641810,30.0,66,2017-05-24 16:03:30
252,1307,Clark St & Winnemac Ave,Ravenswood Ave & Lawrence Ave,3.9,"41.973385,-87.66836500000001|41.96909,-87.674237","41.973385,-87.66836500000001","41.96909,-87.674237",4.166666667,1495053330,50.0,66,2017-05-17 20:35:30
253,3770,Clinton St & Jackson Blvd,Peoria St & Jackson Blvd,5.783333333,"41.878534,-87.640978|41.877749,-87.649633","41.878534,-87.640978","41.877749,-87.649633",4.941666667,1494870660,25.0,66,2017-05-15 17:51:00
254,3390,Franklin St & Monroe St,Kingsbury St & Kinzie St,5.466666667,"41.880317,-87.63518499999999|41.88917683,-87.63850577","41.880317,-87.63518499999999","41.88917683,-87.63850577",6.9,1495047330,32.0,66,2017-05-17 18:55:30
255,1484,Damen Ave & Division St,Ashland Ave & Division St,2.85,"41.90331,-87.67695|41.90345,-87.66774699999999","41.90331,-87.67695","41.90345,-87.66774699999999",3.275,1495051080,32.0,66,2017-05-17 19:58:00
256,2108,Franklin St & Chicago Ave,Wells St & Elm St,3.233333333,"41.896776,-87.635633|41.903222,-87.63432399999999","41.896776,-87.635633","41.903222,-87.63432399999999",3.566666667,1495040280,27.0,65,2017-05-17 16:58:00
257,671,Green St & Madison St,Clinton St & Madison St,4.35,"41.881892,-87.64878900000001|41.882242,-87.64106600000001","41.881892,-87.64878900000001","41.882242,-87.64106600000001",4.066666667,1494922620,35.0,65,2017-05-16 08:17:00
258,3380,Orleans St & Ohio St,Canal St & Adams St,10.1,"41.892154,-87.636928|41.879255,-87.639904","41.892154,-87.636928","41.879255,-87.639904",8.116666667,1494952380,42.5,65,2017-05-16 16:33:00
259,16758,Montrose Harbor,Theater on the Lake,26.3,"41.963982,-87.638181|41.926277,-87.630834","41.963982,-87.638181","41.926277,-87.630834",22.98333333,1495371120,36.0,65,2017-05-21 12:52:00
260,4757,Fairbanks Ct & Grand Ave,Clinton St & Washington Blvd,14.28333333,"41.89186,-87.62062|41.883379999999995,-87.64116999999999","41.89186,-87.62062","41.883379999999995,-87.64116999999999",11.95833333,1495037640,30.0,64,2017-05-17 16:14:00
261,760,Desplaines St & Kinzie St,Clinton St & Washington Blvd,2.683333333,"41.88871604,-87.64444785|41.883379999999995,-87.64116999999999","41.88871604,-87.64444785","41.883379999999995,-87.64116999999999",4.108333333,1495006530,40.0,64,2017-05-17 07:35:30
262,569,Canal St & Madison St,Stetson Ave & South Water St,11.38333333,"41.882090999999996,-87.639833|41.886835,-87.62232","41.882090999999996,-87.639833","41.886835,-87.62232",10.08333333,1494701340,29.0,64,2017-05-13 18:49:00
263,6989,Michigan Ave & Oak St,Lake Shore Dr & North Blvd,4.95,"41.90096039,-87.62377664|41.911722,-87.626804","41.90096039,-87.62377664","41.911722,-87.626804",6.825,1495132770,45.0,64,2017-05-18 18:39:30
264,1827,Clinton St & Washington Blvd,McClurg Ct & Erie St,10.95,"41.883379999999995,-87.64116999999999|41.894503,-87.61785400000001","41.883379999999995,-87.64116999999999","41.894503,-87.61785400000001",13.81666667,1495002810,29.0,64,2017-05-17 06:33:30
265,3129,Dodge Ave & Church St,Benson Ave & Church St,5.733333332999999,"42.048308,-87.698224|42.048214,-87.683485","42.048308,-87.698224","42.048214,-87.683485",5.416666667,1495037760,40.0,64,2017-05-17 16:16:00
266,4278,Damen Ave & Leland Ave,Damen Ave & Foster Ave,5.2,"41.967094,-87.679028|41.97561481,-87.67945904","41.967094,-87.679028","41.97561481,-87.67945904",5.1,1494869550,28.0,64,2017-05-15 17:32:30
267,445,Ashland Ave & Chicago Ave,Clinton St & Washington Blvd,11.11666667,"41.895965999999994,-87.66774699999999|41.883379999999995,-87.64116999999999","41.895965999999994,-87.66774699999999","41.883379999999995,-87.64116999999999",11.94166667,1495007700,29.0,64,2017-05-17 07:55:00
268,1105,Wabash Ave & Roosevelt Rd,Shedd Aquarium,6.483333332999999,"41.867227,-87.625961|41.86722596,-87.61535539","41.867227,-87.625961","41.86722596,-87.61535539",6.3,1494935760,30.0,64,2017-05-16 11:56:00
269,654,Canal St & Madison St,Kingsbury St & Kinzie St,3.166666667,"41.882090999999996,-87.639833|41.88917683,-87.63850577","41.882090999999996,-87.639833","41.88917683,-87.63850577",4.325,1494921840,48.0,64,2017-05-16 08:04:00
270,3189,Dearborn St & Monroe St,Canal St & Adams St,5.7,"41.88131982,-87.62952092|41.879255,-87.639904","41.88131982,-87.62952092","41.879255,-87.639904",5.416666667,1494951990,41.5,64,2017-05-16 16:26:30
271,609,Broadway & Sheridan Rd,Sheridan Rd & Irving Park Rd,5.683333332999999,"41.952833,-87.64999300000001|41.954245,-87.65440600000001","41.952833,-87.64999300000001","41.954245,-87.65440600000001",2.3,1494835980,37.0,63,2017-05-15 08:13:00
272,2304,Fort Dearborn Dr & 31st St,Fort Dearborn Dr & 31st St,17.93333333,"41.838556,-87.60821800000001|41.838556,-87.60821800000001","41.838556,-87.60821800000001","41.838556,-87.60821800000001",19.33333333,1494874560,34.0,63,2017-05-15 18:56:00
273,15361,Broadway & Barry Ave,Broadway & Cornelia Ave,6.35,"41.937725,-87.644095|41.945529,-87.646439","41.937725,-87.644095","41.945529,-87.646439",4.933333333,1495101000,50.0,63,2017-05-18 09:50:00
274,3872,LaSalle St & Illinois St,Clinton St & Washington Blvd,8.883333333,"41.890755,-87.632009|41.883379999999995,-87.64116999999999","41.890755,-87.632009","41.883379999999995,-87.64116999999999",7.1,1494852300,26.0,63,2017-05-15 12:45:00
275,154,Clinton St & Washington Blvd,Wolcott Ave & Polk St,14.71666667,"41.883379999999995,-87.64116999999999|41.871262,-87.673688","41.883379999999995,-87.64116999999999","41.871262,-87.673688",16.61666667,1494832920,49.0,63,2017-05-15 07:22:00
276,6252,Wells St & Huron St,Clinton St & Madison St,9.383333333,"41.894729,-87.634371|41.882242,-87.64106600000001","41.894729,-87.634371","41.882242,-87.64106600000001",8.766666667,1495012860,47.5,63,2017-05-17 09:21:00
277,3746,Franklin St & Monroe St,Orleans St & Merchandise Mart Plaza,5.366666667,"41.880317,-87.63518499999999|41.888243,-87.63639","41.880317,-87.63518499999999","41.888243,-87.63639",5.283333333,1494950040,26.0,63,2017-05-16 15:54:00
278,4523,Greenview Ave & Jarvis Ave,Eastlake Ter & Rogers Ave,3.566666667,"42.015962,-87.66856999999999|42.021019,-87.665086","42.015962,-87.66856999999999","42.021019,-87.665086",4.05,1495146960,27.0,63,2017-05-18 22:36:00
279,518,Clinton St & Washington Blvd,Dearborn St & Monroe St,5.483333332999999,"41.883379999999995,-87.64116999999999|41.88131982,-87.62952092","41.883379999999995,-87.64116999999999","41.88131982,-87.62952092",6.516666667000001,1494575760,48.0,63,2017-05-12 07:56:00
280,665,Canal St & Madison St,Daley Center Plaza,5.783333333,"41.882090999999996,-87.639833|41.884240999999996,-87.629634","41.882090999999996,-87.639833","41.884240999999996,-87.629634",5.3833333329999995,1494838080,28.0,63,2017-05-15 08:48:00
281,488,Kingsbury St & Erie St,Larrabee St & Kingsbury St,1.8,"41.893882,-87.641711|41.897764,-87.642884","41.893882,-87.641711","41.897764,-87.642884",2.8,1494886800,31.5,62,2017-05-15 22:20:00
282,535,Ashland Ave & Wrightwood Ave,Sheffield Ave & Fullerton Ave,6.35,"41.92883,-87.66850699999999|41.92560188,-87.65370804","41.92883,-87.66850699999999","41.92560188,-87.65370804",6.75,1494918840,31.0,62,2017-05-16 07:14:00
283,3236,Clinton St & Tilden St,Clinton St & Madison St,3.933333333,"41.875885,-87.640795|41.882242,-87.64106600000001","41.875885,-87.640795","41.882242,-87.64106600000001",3.975,1494981600,31.0,62,2017-05-17 00:40:00
284,3976,Orleans St & Merchandise Mart Plaza,Clinton St & Washington Blvd,5.966666667,"41.888243,-87.63639|41.883379999999995,-87.64116999999999","41.888243,-87.63639","41.883379999999995,-87.64116999999999",5.3,1494953340,21.0,62,2017-05-16 16:49:00
285,629,Clark St & Elm St,Larrabee St & Kingsbury St,7.916666667,"41.902972999999996,-87.63128|41.897764,-87.642884","41.902972999999996,-87.63128","41.897764,-87.642884",7.35,1494896940,48.0,62,2017-05-16 01:09:00
286,1987,Calumet Ave & 18th St,Wabash Ave & Roosevelt Rd,6.75,"41.857611,-87.619407|41.867227,-87.625961","41.857611,-87.619407","41.867227,-87.625961",6.725,1494842940,28.0,62,2017-05-15 10:09:00
287,77,Ashland Ave & Belle Plaine Ave,Ravenswood Ave & Irving Park Rd,2.616666667,"41.956061,-87.668869|41.95469,-87.67393","41.956061,-87.668869","41.95469,-87.67393",2.608333333,1494571080,49.5,62,2017-05-12 06:38:00
288,5819,Michigan Ave & Jackson Blvd,Michigan Ave & 14th St,6.283333333,"41.87785,-87.62408|41.864059000000005,-87.623727","41.87785,-87.62408","41.864059000000005,-87.623727",8.941666667,1495348200,46.5,62,2017-05-21 06:30:00
289,272,Canal St & Madison St,St. Clair St & Erie St,11.81666667,"41.882090999999996,-87.639833|41.894448,-87.622663","41.882090999999996,-87.639833","41.894448,-87.622663",12.20833333,1494916770,25.0,62,2017-05-16 06:39:30
290,162,Southport Ave & Waveland Ave,Southport Ave & Roscoe St,2.116666667,"41.94815,-87.66394|41.943739,-87.66402","41.94815,-87.66394","41.943739,-87.66402",2.308333333,1495057320,30.0,62,2017-05-17 21:42:00
291,155,Canal St & Madison St,Michigan Ave & Lake St,5.716666667,"41.882090999999996,-87.639833|41.886024,-87.624117","41.882090999999996,-87.639833","41.886024,-87.624117",7.7583333329999995,1494490530,45.0,62,2017-05-11 08:15:30
292,846,Clinton St & Washington Blvd,Dearborn St & Erie St,8.266666667,"41.883379999999995,-87.64116999999999|41.893992,-87.62931800000001","41.883379999999995,-87.64116999999999","41.893992,-87.62931800000001",9.708333332999999,1494511410,26.0,62,2017-05-11 14:03:30
293,4161,Wilton Ave & Diversey Pkwy,Halsted St & Wrightwood Ave,3.016666667,"41.932418,-87.65270500000001|41.929142999999996,-87.649077","41.932418,-87.65270500000001","41.929142999999996,-87.649077",2.8,1494991830,38.0,62,2017-05-17 03:30:30
294,4889,Canal St & Adams St,Peoria St & Jackson Blvd,11.3,"41.879255,-87.639904|41.877749,-87.649633","41.879255,-87.639904","41.877749,-87.649633",4.766666667,1494987690,33.0,62,2017-05-17 02:21:30
295,4366,Sheridan Rd & Irving Park Rd,Clarendon Ave & Junior Ter,5.166666667,"41.954245,-87.65440600000001|41.961003999999996,-87.649603","41.954245,-87.65440600000001","41.961003999999996,-87.649603",5.375,1495054590,29.0,62,2017-05-17 20:56:30
296,4586,Marion St & South Blvd,Wisconsin Ave & Madison St,4.45,"41.88681,-87.80287|41.879837,-87.80224","41.88681,-87.80287","41.879837,-87.80224",3.7833333330000003,1494782340,39.5,62,2017-05-14 17:19:00
297,10,Sheffield Ave & Fullerton Ave,Sheffield Ave & Wrightwood Ave,1.8333333330000001,"41.92560188,-87.65370804|41.928712,-87.65383299999999","41.92560188,-87.65370804","41.928712,-87.65383299999999",2.116666667,1495112760,37.0,61,2017-05-18 13:06:00
298,2210,University Ave & 57th St,Lake Park Ave & 53rd St,8.0,"41.791478000000005,-87.599861|41.79949429,-87.5864499","41.791478000000005,-87.599861","41.79949429,-87.5864499",9.35,1494873240,32.0,61,2017-05-15 18:34:00
299,5389,Dearborn St & Adams St,Federal St & Polk St,4.15,"41.87935636,-87.62979104|41.87207763,-87.62954377","41.87935636,-87.62979104","41.87207763,-87.62954377",5.916666667,1495482000,45.0,61,2017-05-22 19:40:00
300,3246,Clinton St & Washington Blvd,Kingsbury St & Erie St,7.733333332999999,"41.883379999999995,-87.64116999999999|41.893882,-87.641711","41.883379999999995,-87.64116999999999","41.893882,-87.641711",7.7,1494934200,27.0,61,2017-05-16 11:30:00
301,2536,Sangamon St & Washington Blvd (*),Clinton St & Washington Blvd,3.65,"41.883004,-87.65114799999999|41.883379999999995,-87.64116999999999","41.883004,-87.65114799999999","41.883379999999995,-87.64116999999999",4.183333333,1495024920,37.0,61,2017-05-17 12:42:00
302,211,Halsted St & Dickens Ave,Bissell St & Armitage Ave,1.8666666669999998,"41.919936,-87.64883|41.918440000000004,-87.65222","41.919936,-87.64883","41.918440000000004,-87.65222",1.983333333,1494921840,38.5,61,2017-05-16 08:04:00
303,6804,LaSalle St & Jackson Blvd,Dearborn Pkwy & Delaware Pl,13.81666667,"41.878170000000004,-87.631985|41.898969,-87.629912","41.878170000000004,-87.631985","41.898969,-87.629912",11.28333333,1495122840,24.0,61,2017-05-18 15:54:00
304,1954,Clark St & Elm St,LaSalle St & Illinois St,9.016666667,"41.902972999999996,-87.63128|41.890755,-87.632009","41.902972999999996,-87.63128","41.890755,-87.632009",8.15,1495041540,46.0,61,2017-05-17 17:19:00
305,3897,Lake Shore Dr & Monroe St,Lake Shore Dr & North Blvd,19.45,"41.880958,-87.616743|41.911722,-87.626804","41.880958,-87.616743","41.911722,-87.626804",21.15,1495104480,34.0,61,2017-05-18 10:48:00
306,2998,Sheffield Ave & Fullerton Ave,Ashland Ave & Wrightwood Ave,5.983333332999999,"41.92560188,-87.65370804|41.92883,-87.66850699999999","41.92560188,-87.65370804","41.92883,-87.66850699999999",6.566666667000001,1495038480,59.0,61,2017-05-17 16:28:00
307,2993,Clinton St & Washington Blvd,Clinton St & Jackson Blvd,3.2166666669999997,"41.883379999999995,-87.64116999999999|41.878534,-87.640978","41.883379999999995,-87.64116999999999","41.878534,-87.640978",3.566666667,1495010160,33.5,61,2017-05-17 08:36:00
308,8773,Theater on the Lake,Lake Shore Dr & Wellington Ave,5.683333332999999,"41.926277,-87.630834|41.936669,-87.636794","41.926277,-87.630834","41.936669,-87.636794",9.616666667,1495224780,27.0,60,2017-05-19 20:13:00
309,2859,Dearborn Pkwy & Delaware Pl,LaSalle St & Jackson Blvd,10.08333333,"41.898969,-87.629912|41.878170000000004,-87.631985","41.898969,-87.629912","41.878170000000004,-87.631985",11.9,1494949920,32.0,60,2017-05-16 15:52:00
310,6950,Kingsbury St & Erie St,Dearborn St & Erie St,4.833333333,"41.893882,-87.641711|41.893992,-87.62931800000001","41.893882,-87.641711","41.893992,-87.62931800000001",5.391666667000001,1495025940,47.0,60,2017-05-17 12:59:00
311,224,Clark St & Lincoln Ave,Bissell St & Armitage Ave,6.8833333329999995,"41.915689,-87.6346|41.918440000000004,-87.65222","41.915689,-87.6346","41.918440000000004,-87.65222",6.316666667000001,1495005120,30.0,60,2017-05-17 07:12:00
312,260,Canal St & Adams St,Orleans St & Ohio St,6.833333333,"41.879255,-87.639904|41.892154,-87.636928","41.879255,-87.639904","41.892154,-87.636928",7.55,1494832740,37.0,60,2017-05-15 07:19:00
313,4020,University Ave & 57th St,Cornell Ave & Hyde Park Blvd,10.95,"41.791478000000005,-87.599861|41.802406,-87.586924","41.791478000000005,-87.599861","41.802406,-87.586924",10.325,1495042830,39.0,60,2017-05-17 17:40:30
314,619,Clinton St & Madison St,Clinton St & Jackson Blvd,3.633333333,"41.882242,-87.64106600000001|41.878534,-87.640978","41.882242,-87.64106600000001","41.878534,-87.640978",2.85,1494880860,49.0,60,2017-05-15 20:41:00
315,391,Benson Ave & Church St,Dodge Ave & Church St,5.816666667000001,"42.048214,-87.683485|42.048308,-87.698224","42.048214,-87.683485","42.048308,-87.698224",6.841666667,1495007370,37.0,60,2017-05-17 07:49:30
316,70,Clifton Ave & Lawrence Ave,Ravenswood Ave & Lawrence Ave,5.983333332999999,"41.968872999999995,-87.658857|41.96909,-87.674237","41.968872999999995,-87.658857","41.96909,-87.674237",6.275,1495045500,31.0,60,2017-05-17 18:25:00
317,639,LaSalle St & Illinois St,Clinton St & Madison St,7.266666667000001,"41.890755,-87.632009|41.882242,-87.64106600000001","41.890755,-87.632009","41.882242,-87.64106600000001",7.825,1495060740,31.0,60,2017-05-17 22:39:00
318,1811,Dearborn St & Adams St,Franklin St & Monroe St,2.633333333,"41.87935636,-87.62979104|41.880317,-87.63518499999999","41.87935636,-87.62979104","41.880317,-87.63518499999999",2.875,1495104150,29.0,60,2017-05-18 10:42:30
319,9,Damen Ave & Division St,Western Ave & Walton St,6.316666667000001,"41.90331,-87.67695|41.89841769,-87.68659602","41.90331,-87.67695","41.89841769,-87.68659602",5.6,1495215000,33.0,60,2017-05-19 17:30:00
320,11772,Federal St & Polk St,Wabash Ave & Roosevelt Rd,4.983333333,"41.87207763,-87.62954377|41.867227,-87.625961","41.87207763,-87.62954377","41.867227,-87.625961",4.758333333,1495070280,32.0,60,2017-05-18 01:18:00
321,6208,Lincoln Ave & Roscoe St,Oakley Ave & Roscoe St,9.333333332999999,"41.94334,-87.67097|41.94302617,-87.68739454","41.94334,-87.67097","41.94302617,-87.68739454",6.3666666670000005,1495038960,49.0,59,2017-05-17 16:36:00
322,6537,Dusable Harbor,Lake Shore Dr & Monroe St,31.93333333,"41.88504199,-87.61279454|41.880958,-87.616743","41.88504199,-87.61279454","41.880958,-87.616743",4.35,1495394460,52.0,59,2017-05-21 19:21:00
323,1851,Wilton Ave & Belmont Ave,Racine Ave & Belmont Ave,2.7166666669999997,"41.94018,-87.65304|41.939743,-87.658865","41.94018,-87.65304","41.939743,-87.658865",2.483333333,1494931920,21.0,59,2017-05-16 10:52:00
324,683,Canal St & Adams St,Dearborn St & Erie St,9.033333333,"41.879255,-87.639904|41.893992,-87.62931800000001","41.879255,-87.639904","41.893992,-87.62931800000001",10.96666667,1494869580,27.0,59,2017-05-15 17:33:00
325,1049,Clinton St & Washington Blvd,Stetson Ave & South Water St,7.45,"41.883379999999995,-87.64116999999999|41.886835,-87.62232","41.883379999999995,-87.64116999999999","41.886835,-87.62232",9.85,1494836760,47.0,59,2017-05-15 08:26:00
326,1714,Wells St & Huron St,Franklin St & Quincy St,11.43333333,"41.894729,-87.634371|41.878724,-87.634793","41.894729,-87.634371","41.878724,-87.634793",9.233333333,1494918840,50.0,59,2017-05-16 07:14:00
327,981,Canal St & Monroe St (*),LaSalle St & Jackson Blvd,3.7166666669999997,"41.880884,-87.639525|41.878170000000004,-87.631985","41.880884,-87.639525","41.878170000000004,-87.631985",4.383333333,1494579540,33.0,59,2017-05-12 08:59:00
328,3205,Racine Ave (May St) & Fulton St,Clinton St & Washington Blvd,7.316666667000001,"41.886926,-87.65691899999999|41.883379999999995,-87.64116999999999","41.886926,-87.65691899999999","41.883379999999995,-87.64116999999999",8.333333332999999,1494868320,36.0,58,2017-05-15 17:12:00
329,4162,Sheffield Ave & Wellington Ave,Clark St & Wellington Ave,25.5,"41.936265999999996,-87.652662|41.93649682,-87.64753866","41.936265999999996,-87.652662","41.93649682,-87.64753866",2.833333333,1494788370,40.0,58,2017-05-14 18:59:30
330,730,Marshfield Ave & Cortland St,Paulina Ave & North Ave,3.333333333,"41.916017,-87.668879|41.910337,-87.67007199999999","41.916017,-87.668879","41.910337,-87.67007199999999",3.575,1494897570,47.0,58,2017-05-16 01:19:30
331,2493,Clark St & Lincoln Ave,Michigan Ave & Oak St,8.283333333,"41.915689,-87.6346|41.90096039,-87.62377664","41.915689,-87.6346","41.90096039,-87.62377664",9.483333333,1494699360,29.0,58,2017-05-13 18:16:00
332,3184,Stetson Ave & South Water St,Canal St & Adams St,9.966666667,"41.886835,-87.62232|41.879255,-87.639904","41.886835,-87.62232","41.879255,-87.639904",9.291666667000001,1494865260,30.0,58,2017-05-15 16:21:00
333,1180,Ashland Ave & Grace St,Southport Ave & Roscoe St,4.366666667,"41.950687,-87.6687|41.943739,-87.66402","41.950687,-87.6687","41.943739,-87.66402",5.091666667,1495095390,29.5,58,2017-05-18 08:16:30
334,1197,Clark St & Congress Pkwy,Dearborn St & Erie St,9.983333333,"41.87593267,-87.63058454|41.893992,-87.62931800000001","41.87593267,-87.63058454","41.893992,-87.62931800000001",10.325,1494836670,37.0,58,2017-05-15 08:24:30
335,5109,LaSalle St & Illinois St,Canal St & Adams St,15.21666667,"41.890755,-87.632009|41.879255,-87.639904","41.890755,-87.632009","41.879255,-87.639904",10.29166667,1495081920,42.0,58,2017-05-18 04:32:00
336,1638,Sheffield Ave & Wrightwood Ave,Sheffield Ave & Fullerton Ave,1.4333333330000002,"41.928712,-87.65383299999999|41.92560188,-87.65370804","41.928712,-87.65383299999999","41.92560188,-87.65370804",1.5833333330000001,1494942480,30.0,58,2017-05-16 13:48:00
337,9909,Wabash Ave & Roosevelt Rd,Calumet Ave & 18th St,6.533333333,"41.867227,-87.625961|41.857611,-87.619407","41.867227,-87.625961","41.857611,-87.619407",6.8833333329999995,1495131210,28.0,58,2017-05-18 18:13:30
338,3417,Fairbanks Ct & Grand Ave,Canal St & Adams St,14.16666667,"41.89186,-87.62062|41.879255,-87.639904","41.89186,-87.62062","41.879255,-87.639904",14.46666667,1495126440,52.0,58,2017-05-18 16:54:00
339,35,Dearborn Pkwy & Delaware Pl,Franklin St & Monroe St,11.06666667,"41.898969,-87.629912|41.880317,-87.63518499999999","41.898969,-87.629912","41.880317,-87.63518499999999",9.816666667,1495093440,37.5,57,2017-05-18 07:44:00
340,3387,Ashland Ave & Lake St,Wood St & Hubbard St,3.45,"41.88541,-87.66731999999999|41.889587,-87.67195600000001","41.88541,-87.66731999999999","41.889587,-87.67195600000001",3.45,1494616140,34.0,57,2017-05-12 19:09:00
341,1772,Daley Center Plaza,Dearborn Pkwy & Delaware Pl,7.016666667000001,"41.884240999999996,-87.629634|41.898969,-87.629912","41.884240999999996,-87.629634","41.898969,-87.629912",8.35,1495113480,46.0,57,2017-05-18 13:18:00
342,4505,Ellis Ave & 60th St,Kimbark Ave & 53rd St,10.11666667,"41.78509715,-87.60107276|41.799568,-87.594747","41.78509715,-87.60107276","41.799568,-87.594747",9.333333332999999,1494691320,35.0,57,2017-05-13 16:02:00
343,3360,St. Clair St & Erie St,Clinton St & Madison St,21.81666667,"41.894448,-87.622663|41.882242,-87.64106600000001","41.894448,-87.622663","41.882242,-87.64106600000001",12.78333333,1494606300,29.5,57,2017-05-12 16:25:00
344,2414,LaSalle St & Illinois St,Clark St & Elm St,7.066666667000001,"41.890755,-87.632009|41.902972999999996,-87.63128","41.890755,-87.632009","41.902972999999996,-87.63128",7.833333333,1495048440,49.0,57,2017-05-17 19:14:00
345,442,Clinton St & Jackson Blvd,Orleans St & Merchandise Mart Plaza,9.516666667,"41.878534,-87.640978|41.888243,-87.63639","41.878534,-87.640978","41.888243,-87.63639",8.716666667,1494828660,38.0,57,2017-05-15 06:11:00
346,6599,Southport Ave & Roscoe St,Southport Ave & Waveland Ave,4.433333333,"41.943739,-87.66402|41.94815,-87.66394","41.943739,-87.66402","41.94815,-87.66394",3.066666667,1495043640,44.0,57,2017-05-17 17:54:00
347,6674,Canal St & Adams St,Kingsbury St & Erie St,7.916666667,"41.879255,-87.639904|41.893882,-87.641711","41.879255,-87.639904","41.893882,-87.641711",9.366666667,1494921900,58.0,57,2017-05-16 08:05:00
348,4762,Larrabee St & Menomonee St,Sedgwick St & North Ave,3.083333333,"41.91468,-87.64331999999999|41.911386,-87.638677","41.91468,-87.64331999999999","41.911386,-87.638677",3.141666667,1495093380,30.0,56,2017-05-18 07:43:00
349,5070,Clinton St & Washington Blvd,Dearborn Pkwy & Delaware Pl,12.38333333,"41.883379999999995,-87.64116999999999|41.898969,-87.629912","41.883379999999995,-87.64116999999999","41.898969,-87.629912",12.86666667,1494868320,28.0,56,2017-05-15 17:12:00
350,2600,DuSable Museum,Prairie Ave & Garfield Blvd,4.25,"41.79156801,-87.60785218|41.794853,-87.618691","41.79156801,-87.60785218","41.794853,-87.618691",4.166666667,1494919890,39.0,56,2017-05-16 07:31:30
351,2854,Franklin St & Quincy St,Canal St & Madison St,3.7,"41.878724,-87.634793|41.882090999999996,-87.639833","41.878724,-87.634793","41.882090999999996,-87.639833",3.766666667,1494479370,29.0,56,2017-05-11 05:09:30
352,2515,Clinton St & Lake St,Kingsbury St & Kinzie St,3.616666667,"41.885637,-87.641823|41.88917683,-87.63850577","41.885637,-87.641823","41.88917683,-87.63850577",3.616666667,1494850380,36.0,56,2017-05-15 12:13:00
353,937,Central St & Girard Ave,Central St Metra,3.85,"42.063999,-87.685962|42.063598,-87.69873","42.063999,-87.685962","42.063598,-87.69873",5.5083333329999995,1494946290,28.0,56,2017-05-16 14:51:30
354,346,Racine Ave & Fullerton Ave,Sheffield Ave & Fullerton Ave,2.15,"41.92556258,-87.65840426|41.92560188,-87.65370804","41.92556258,-87.65840426","41.92560188,-87.65370804",2.2833333330000003,1495118790,33.0,56,2017-05-18 14:46:30
355,364,Albany Ave & Bloomingdale Ave,Western Ave & Winnebago Ave,7.1166666670000005,"41.91402671,-87.70512646|41.91552,-87.687022","41.91402671,-87.70512646","41.91552,-87.687022",6.808333332999999,1495007220,41.0,56,2017-05-17 07:47:00
356,1068,Clinton St & Washington Blvd,Desplaines St & Kinzie St,3.9,"41.883379999999995,-87.64116999999999|41.88871604,-87.64444785","41.883379999999995,-87.64116999999999","41.88871604,-87.64444785",5.116666667,1494905010,30.0,56,2017-05-16 03:23:30
357,2485,Dearborn St & Monroe St,Clinton St & Madison St,5.3,"41.88131982,-87.62952092|41.882242,-87.64106600000001","41.88131982,-87.62952092","41.882242,-87.64106600000001",5.141666667,1494980130,35.0,56,2017-05-17 00:15:30
358,5529,Shore Dr & 55th St,Shore Dr & 55th St,5.083333333,"41.795212,-87.580715|41.795212,-87.580715","41.795212,-87.580715","41.795212,-87.580715",23.90833333,1495270710,30.0,56,2017-05-20 08:58:30
359,657,LaSalle St & Jackson Blvd,Dearborn St & Monroe St,2.35,"41.878170000000004,-87.631985|41.88131982,-87.62952092","41.878170000000004,-87.631985","41.88131982,-87.62952092",2.9083333330000003,1494980550,31.0,56,2017-05-17 00:22:30
360,655,Clinton St & Madison St,Morgan St & Lake St,5.1,"41.882242,-87.64106600000001|41.88548331,-87.65230486","41.882242,-87.64106600000001","41.88548331,-87.65230486",6.766666667000001,1494966690,34.0,56,2017-05-16 20:31:30
361,1408,Paulina Ave & North Ave,Marshfield Ave & Cortland St,3.683333333,"41.910337,-87.67007199999999|41.916017,-87.668879","41.910337,-87.67007199999999","41.916017,-87.668879",3.308333333,1494938700,28.0,56,2017-05-16 12:45:00
362,54,Canal St & Adams St,State St & Pearson St,15.28333333,"41.879255,-87.639904|41.897448,-87.628722","41.879255,-87.639904","41.897448,-87.628722",14.14166667,1494828030,33.0,56,2017-05-15 06:00:30
363,193,Canal St & Madison St,Dearborn St & Adams St,4.533333333,"41.882090999999996,-87.639833|41.87935636,-87.62979104","41.882090999999996,-87.639833","41.87935636,-87.62979104",5.6333333329999995,1494918270,29.0,56,2017-05-16 07:04:30
364,924,Wells St & Elm St,Orleans St & Merchandise Mart Plaza,8.216666667,"41.903222,-87.63432399999999|41.888243,-87.63639","41.903222,-87.63432399999999","41.888243,-87.63639",7.975,1495191090,35.0,56,2017-05-19 10:51:30
365,5121,Orleans St & Merchandise Mart Plaza,Dearborn Pkwy & Delaware Pl,7.233333332999999,"41.888243,-87.63639|41.898969,-87.629912","41.888243,-87.63639","41.898969,-87.629912",7.966666667,1495041360,39.0,55,2017-05-17 17:16:00
366,4853,Sedgwick St & North Ave,Clark St & Armitage Ave,3.95,"41.911386,-87.638677|41.918306,-87.636282","41.911386,-87.638677","41.918306,-87.636282",4.366666667,1494623580,37.0,55,2017-05-12 21:13:00
367,5541,Green St & Randolph St,Clinton St & Madison St,3.7833333330000003,"41.883668,-87.64867|41.882242,-87.64106600000001","41.883668,-87.64867","41.882242,-87.64106600000001",4.016666667,1495037700,27.0,55,2017-05-17 16:15:00
368,267,Financial Pl & Congress Pkwy,Orleans St & Merchandise Mart Plaza,6.416666667,"41.87500914,-87.63310582|41.888243,-87.63639","41.87500914,-87.63310582","41.888243,-87.63639",7.8666666670000005,1494838440,31.0,55,2017-05-15 08:54:00
369,4823,McClurg Ct & Illinois St,Mies van der Rohe Way & Chicago Ave,5.6166666670000005,"41.891020000000005,-87.6173|41.89691,-87.62174300000001","41.891020000000005,-87.6173","41.89691,-87.62174300000001",4.3,1494700800,42.0,55,2017-05-13 18:40:00
370,1892,Racine Ave (May St) & Fulton St,Clinton St & Madison St,9.05,"41.886926,-87.65691899999999|41.882242,-87.64106600000001","41.886926,-87.65691899999999","41.882242,-87.64106600000001",7.416666667,1494666780,38.0,55,2017-05-13 09:13:00
371,1043,Rhodes Ave & 32nd St,State St & 33rd St,8.4,"41.836208,-87.61353299999999|41.834734000000005,-87.625813","41.836208,-87.61353299999999","41.834734000000005,-87.625813",7.35,1494674100,27.0,55,2017-05-13 11:15:00
372,140,Columbus Dr & Randolph St,Wacker Dr & Washington St,8.866666667,"41.884728,-87.61952099999999|41.88327159,-87.63731329","41.884728,-87.61952099999999","41.88327159,-87.63731329",8.866666667,1495097040,29.0,55,2017-05-18 08:44:00
373,1886,McClurg Ct & Illinois St,Franklin St & Monroe St,14.28333333,"41.891020000000005,-87.6173|41.880317,-87.63518499999999","41.891020000000005,-87.6173","41.880317,-87.63518499999999",12.41666667,1495012680,29.0,55,2017-05-17 09:18:00
374,136,Southport Ave & Irving Park Rd,Sheridan Rd & Irving Park Rd,3.116666667,"41.954177,-87.664358|41.954245,-87.65440600000001","41.954177,-87.664358","41.954245,-87.65440600000001",3.9,1494959820,39.0,55,2017-05-16 18:37:00
375,861,Michigan Ave & Washington St,Clark St & Randolph St,3.566666667,"41.88389277,-87.62464914|41.88457623,-87.63188991","41.88389277,-87.62464914","41.88457623,-87.63188991",4.2,1494928980,35.0,55,2017-05-16 10:03:00
376,9594,Ada St & Washington Blvd,Clinton St & Washington Blvd,11.4,"41.88283,-87.661206|41.883379999999995,-87.64116999999999","41.88283,-87.661206","41.883379999999995,-87.64116999999999",6.966666667,1494850860,60.0,54,2017-05-15 12:21:00
377,265,Canal St & Madison St,Wabash Ave & Adams St,7.3666666670000005,"41.882090999999996,-87.639833|41.87947235,-87.62568861","41.882090999999996,-87.639833","41.87947235,-87.62568861",8.083333332999999,1494920610,28.0,54,2017-05-16 07:43:30
378,1411,Sangamon St & Washington Blvd (*),Clinton St & Madison St,4.833333333,"41.883004,-87.65114799999999|41.882242,-87.64106600000001","41.883004,-87.65114799999999","41.882242,-87.64106600000001",4.166666667,1494896460,25.0,54,2017-05-16 01:01:00
379,5517,State St & 33rd St,Indiana Ave & 31st St,4.416666667,"41.834734000000005,-87.625813|41.838842,-87.62185699999999","41.834734000000005,-87.625813","41.838842,-87.62185699999999",5.366666667,1495129020,29.0,54,2017-05-18 17:37:00
380,3799,Ellis Ave & 58th St,Ellis Ave & 60th St,2.233333333,"41.788746,-87.601334|41.78509715,-87.60107276","41.788746,-87.601334","41.78509715,-87.60107276",2.125,1494953490,40.0,54,2017-05-16 16:51:30
381,1702,Wood St & Hubbard St,Ashland Ave & Lake St,4.15,"41.889587,-87.67195600000001|41.88541,-87.66731999999999","41.889587,-87.67195600000001","41.88541,-87.66731999999999",3.9666666669999997,1495006530,40.0,54,2017-05-17 07:35:30
382,1246,Larrabee St & Kingsbury St,Orleans St & Merchandise Mart Plaza,6.65,"41.897764,-87.642884|41.888243,-87.63639","41.897764,-87.642884","41.888243,-87.63639",6.041666667,1494920100,28.0,54,2017-05-16 07:35:00
383,616,Kedzie Ave & Palmer Ct,Kedzie Ave & Milwaukee Ave,4.516666667,"41.921525,-87.70732199999999|41.929567,-87.70785699999999","41.921525,-87.70732199999999","41.929567,-87.70785699999999",5.325,1494598650,53.0,54,2017-05-12 14:17:30
384,3583,Ravenswood Ave & Berteau Ave,Ravenswood Ave & Lawrence Ave,4.866666667,"41.957921,-87.673567|41.96909,-87.674237","41.957921,-87.673567","41.96909,-87.674237",5.058333333,1494929940,34.0,54,2017-05-16 10:19:00
385,3608,Stetson Ave & South Water St,Clinton St & Washington Blvd,11.03333333,"41.886835,-87.62232|41.883379999999995,-87.64116999999999","41.886835,-87.62232","41.883379999999995,-87.64116999999999",9.325,1495039410,30.0,54,2017-05-17 16:43:30
386,12218,Dusable Harbor,Streeter Dr & Grand Ave,5.183333333,"41.88504199,-87.61279454|41.892278000000005,-87.612043","41.88504199,-87.61279454","41.892278000000005,-87.612043",7.358333332999999,1495390200,28.5,54,2017-05-21 18:10:00
387,594,Clinton St & Jackson Blvd,Dearborn St & Erie St,12.46666667,"41.878534,-87.640978|41.893992,-87.62931800000001","41.878534,-87.640978","41.893992,-87.62931800000001",13.10833333,1494593430,61.0,54,2017-05-12 12:50:30
388,12672,Lake Shore Dr & Monroe St,Indiana Ave & Roosevelt Rd,12.08333333,"41.880958,-87.616743|41.867888,-87.623041","41.880958,-87.616743","41.867888,-87.623041",11.1,1495249800,34.0,54,2017-05-20 03:10:00
389,469,Clark St & Lake St,Dearborn Pkwy & Delaware Pl,6.583333333,"41.88602083,-87.63087606|41.898969,-87.629912","41.88602083,-87.63087606","41.898969,-87.629912",7.033333333,1494792210,35.0,54,2017-05-14 20:03:30
390,777,Dearborn Pkwy & Delaware Pl,Clinton St & Washington Blvd,11.56666667,"41.898969,-87.629912|41.883379999999995,-87.64116999999999","41.898969,-87.629912","41.883379999999995,-87.64116999999999",10.775,1494595080,33.0,54,2017-05-12 13:18:00
391,2649,LaSalle St & Jackson Blvd,Clinton St & Washington Blvd,4.833333333,"41.878170000000004,-87.631985|41.883379999999995,-87.64116999999999","41.878170000000004,-87.631985","41.883379999999995,-87.64116999999999",5.8666666670000005,1494946020,42.0,54,2017-05-16 14:47:00
392,1957,Morgan St & Polk St,Clinton St & Madison St,9.666666667000001,"41.871736999999996,-87.65103|41.882242,-87.64106600000001","41.871736999999996,-87.65103","41.882242,-87.64106600000001",9.858333333,1494893640,27.0,54,2017-05-16 00:14:00
393,107,Spaulding Ave & Armitage Ave,California Ave & Milwaukee Ave,5.766666667000001,"41.91718375,-87.71035665|41.922695000000004,-87.697153","41.91718375,-87.71035665","41.922695000000004,-87.697153",6.708333333,1494917520,49.0,54,2017-05-16 06:52:00
394,2719,Fairbanks Ct & Grand Ave,LaSalle St & Illinois St,12.01666667,"41.89186,-87.62062|41.890755,-87.632009","41.89186,-87.62062","41.890755,-87.632009",5.1,1495097490,39.0,54,2017-05-18 08:51:30
395,855,Clinton St & Madison St,Dearborn St & Monroe St,4.95,"41.882242,-87.64106600000001|41.88131982,-87.62952092","41.882242,-87.64106600000001","41.88131982,-87.62952092",5.9,1494508200,33.0,54,2017-05-11 13:10:00
396,3151,Daley Center Plaza,Clinton St & Washington Blvd,6.233333332999999,"41.884240999999996,-87.629634|41.883379999999995,-87.64116999999999","41.884240999999996,-87.629634","41.883379999999995,-87.64116999999999",5.958333333,1495102020,37.0,54,2017-05-18 10:07:00
397,226,Michigan Ave & Washington St,Canal St & Monroe St (*),6.433333332999999,"41.88389277,-87.62464914|41.880884,-87.639525","41.88389277,-87.62464914","41.880884,-87.639525",6.95,1494607860,36.5,53,2017-05-12 16:51:00
398,1166,Kimbark Ave & 53rd St,Cornell Ave & Hyde Park Blvd,3.2833333330000003,"41.799568,-87.594747|41.802406,-87.586924","41.799568,-87.594747","41.802406,-87.586924",5.083333333,1494925860,31.0,53,2017-05-16 09:11:00
399,1681,Lake Park Ave & 53rd St,University Ave & 57th St,7.65,"41.79949429,-87.5864499|41.791478000000005,-87.599861","41.79949429,-87.5864499","41.791478000000005,-87.599861",8.85,1494839280,27.0,53,2017-05-15 09:08:00
400,9368,Lake Shore Dr & Monroe St,Adler Planetarium,28.71666667,"41.880958,-87.616743|41.866095,-87.60726700000001","41.880958,-87.616743","41.866095,-87.60726700000001",16.66666667,1495394700,32.0,53,2017-05-21 19:25:00
401,9686,Larrabee St & Kingsbury St,Clinton St & Madison St,8.416666667000001,"41.897764,-87.642884|41.882242,-87.64106600000001","41.897764,-87.642884","41.882242,-87.64106600000001",9.733333333,1494954300,30.0,53,2017-05-16 17:05:00
402,10261,LaSalle St & Illinois St,McClurg Ct & Illinois St,5.8666666670000005,"41.890755,-87.632009|41.891020000000005,-87.6173","41.890755,-87.632009","41.891020000000005,-87.6173",6.166666667,1495097520,30.5,53,2017-05-18 08:52:00
403,12078,Streeter Dr & Grand Ave,Michigan Ave & Oak St,9.433333333,"41.892278000000005,-87.612043|41.90096039,-87.62377664","41.892278000000005,-87.612043","41.90096039,-87.62377664",10.61666667,1495470360,45.0,53,2017-05-22 16:26:00
404,201,Canal St & Adams St,Orleans St & Merchandise Mart Plaza,5.133333333,"41.879255,-87.639904|41.888243,-87.63639","41.879255,-87.639904","41.888243,-87.63639",6.85,1494570300,49.0,53,2017-05-12 06:25:00
405,3630,Daley Center Plaza,Dearborn St & Erie St,5.566666667000001,"41.884240999999996,-87.629634|41.893992,-87.62931800000001","41.884240999999996,-87.629634","41.893992,-87.62931800000001",6.266666667000001,1494958080,40.0,53,2017-05-16 18:08:00
406,2053,Sheridan Rd & Irving Park Rd,Broadway & Sheridan Rd,3.7,"41.954245,-87.65440600000001|41.952833,-87.64999300000001","41.954245,-87.65440600000001","41.952833,-87.64999300000001",2.433333333,1494872760,64.0,53,2017-05-15 18:26:00
407,3082,McClurg Ct & Illinois St,Canal St & Adams St,14.36666667,"41.891020000000005,-87.6173|41.879255,-87.639904","41.891020000000005,-87.6173","41.879255,-87.639904",13.8,1494868440,34.0,53,2017-05-15 17:14:00
408,1109,Shore Dr & 55th St,Lake Park Ave & 56th St,4.0,"41.795212,-87.580715|41.793242,-87.58778199999999","41.795212,-87.580715","41.793242,-87.58778199999999",4.533333333,1494838920,34.0,53,2017-05-15 09:02:00
409,943,Kimbark Ave & 53rd St,Ellis Ave & 58th St,8.666666667000001,"41.799568,-87.594747|41.788746,-87.601334","41.799568,-87.594747","41.788746,-87.601334",7.783333333,1494579480,45.0,53,2017-05-12 08:58:00
410,384,Clinton St & Roosevelt Rd,Wabash Ave & Roosevelt Rd,6.016666667000001,"41.86711778,-87.64108796|41.867227,-87.625961","41.86711778,-87.64108796","41.867227,-87.625961",6.683333332999999,1494958500,41.0,53,2017-05-16 18:15:00
411,4037,Lake Park Ave & 56th St,Shore Dr & 55th St,4.366666667,"41.793242,-87.58778199999999|41.795212,-87.580715","41.793242,-87.58778199999999","41.795212,-87.580715",4.9,1494862500,61.0,53,2017-05-15 15:35:00
412,2541,Orleans St & Merchandise Mart Plaza,LaSalle St & Jackson Blvd,23.48333333,"41.888243,-87.63639|41.878170000000004,-87.631985","41.888243,-87.63639","41.878170000000004,-87.631985",6.95,1494934620,35.0,53,2017-05-16 11:37:00
413,3949,Columbus Dr & Randolph St,Theater on the Lake,21.78333333,"41.884728,-87.61952099999999|41.926277,-87.630834","41.884728,-87.61952099999999","41.926277,-87.630834",22.66666667,1494864300,33.0,53,2017-05-15 16:05:00
414,2319,Orleans St & Merchandise Mart Plaza,Kingsbury St & Erie St,4.233333333,"41.888243,-87.63639|41.893882,-87.641711","41.888243,-87.63639","41.893882,-87.641711",3.608333333,1494915750,35.0,52,2017-05-16 06:22:30
415,2799,Ellis Ave & 60th St,Ellis Ave & 58th St,2.35,"41.78509715,-87.60107276|41.788746,-87.601334","41.78509715,-87.60107276","41.788746,-87.601334",2.2,1495061520,33.0,52,2017-05-17 22:52:00
416,13826,Montrose Harbor,Montrose Harbor,25.6,"41.963982,-87.638181|41.963982,-87.638181","41.963982,-87.638181","41.963982,-87.638181",17.53333333,1495807920,47.0,52,2017-05-26 14:12:00
417,602,Jefferson St & Monroe St,Aberdeen St & Monroe St,5.533333333,"41.880421999999996,-87.642746|41.88042,-87.655599","41.880421999999996,-87.642746","41.88042,-87.655599",5.591666667,1494521850,25.0,52,2017-05-11 16:57:30
418,703,Marshfield Ave & Cortland St,Leavitt St & North Ave,9.1,"41.916017,-87.668879|41.910153,-87.68229000000001","41.916017,-87.668879","41.910153,-87.68229000000001",8.2,1494897540,37.0,52,2017-05-16 01:19:00
419,103,Sangamon St & Washington Blvd (*),Canal St & Adams St,4.316666667,"41.883004,-87.65114799999999|41.879255,-87.639904","41.883004,-87.65114799999999","41.879255,-87.639904",6.316666667000001,1494991740,39.0,52,2017-05-17 03:29:00
420,270,Wisconsin Ave & Madison St,Marion St & South Blvd,4.05,"41.879837,-87.80224|41.88681,-87.80287","41.879837,-87.80224","41.88681,-87.80287",3.866666667,1494581280,47.0,52,2017-05-12 09:28:00
421,3001,Canal St & Madison St,Desplaines St & Kinzie St,6.0,"41.882090999999996,-87.639833|41.88871604,-87.64444785","41.882090999999996,-87.639833","41.88871604,-87.64444785",5.05,1494955560,27.0,52,2017-05-16 17:26:00
422,884,Clinton St & Madison St,Clark St & Congress Pkwy,7.05,"41.882242,-87.64106600000001|41.87593267,-87.63058454","41.882242,-87.64106600000001","41.87593267,-87.63058454",7.675,1495024440,37.5,52,2017-05-17 12:34:00
423,263,Larrabee St & Kingsbury St,Clinton St & Washington Blvd,8.45,"41.897764,-87.642884|41.883379999999995,-87.64116999999999","41.897764,-87.642884","41.883379999999995,-87.64116999999999",8.383333333,1495018890,39.0,52,2017-05-17 11:01:30
424,3265,Clinton St & Madison St,State St & Van Buren St,8.366666667,"41.882242,-87.64106600000001|41.877181,-87.627844","41.882242,-87.64106600000001","41.877181,-87.627844",7.541666667,1494876690,33.0,52,2017-05-15 19:31:30
425,2886,Morgan St & Lake St,Racine Ave & Randolph St,3.2833333330000003,"41.88548331,-87.65230486|41.884069000000004,-87.656853","41.88548331,-87.65230486","41.884069000000004,-87.656853",2.583333333,1494922800,30.0,51,2017-05-16 08:20:00
426,2382,Sheridan Rd & Noyes St (NU),University Library (NU),3.5,"42.058239,-87.677432|42.052939,-87.673447","42.058239,-87.677432","42.052939,-87.673447",4.516666667,1494755040,57.0,51,2017-05-14 09:44:00
427,4211,Sedgwick St & North Ave,Larrabee St & Menomonee St,2.95,"41.911386,-87.638677|41.91468,-87.64331999999999","41.911386,-87.638677","41.91468,-87.64331999999999",3.25,1495041960,27.5,51,2017-05-17 17:26:00
428,6193,Wabash Ave & Grand Ave,Clark St & Elm St,6.7,"41.891738000000004,-87.626937|41.902972999999996,-87.63128","41.891738000000004,-87.626937","41.902972999999996,-87.63128",6.966666667,1495040880,34.0,51,2017-05-17 17:08:00
429,256,Canal St & Adams St,Cityfront Plaza Dr & Pioneer Ct,11.68333333,"41.879255,-87.639904|41.890572999999996,-87.622072","41.879255,-87.639904","41.890572999999996,-87.622072",11.16666667,1494916740,33.5,51,2017-05-16 06:39:00
430,12870,Pine Grove Ave & Irving Park Rd,Broadway & Cornelia Ave,7.5,"41.954383,-87.648043|41.945529,-87.646439","41.954383,-87.648043","41.945529,-87.646439",6.033333333,1495042680,33.0,51,2017-05-17 17:38:00
431,3719,Wolcott Ave & Polk St,Clinton St & Madison St,20.13333333,"41.871262,-87.673688|41.882242,-87.64106600000001","41.871262,-87.673688","41.882242,-87.64106600000001",17.55,1494950280,28.0,51,2017-05-16 15:58:00
432,3507,Wabash Ave & Wacker Pl,Canal St & Adams St,11.76666667,"41.886875,-87.62603|41.879255,-87.639904","41.886875,-87.62603","41.879255,-87.639904",9.666666667000001,1494870840,29.0,51,2017-05-15 17:54:00
433,9126,Clinton St & Madison St,Ada St & Washington Blvd,8.45,"41.882242,-87.64106600000001|41.88283,-87.661206","41.882242,-87.64106600000001","41.88283,-87.661206",8.516666667,1495009980,36.0,51,2017-05-17 08:33:00
434,2223,LaSalle St & Washington St,Columbus Dr & Randolph St,6.783333333,"41.882664,-87.63253|41.884728,-87.61952099999999","41.882664,-87.63253","41.884728,-87.61952099999999",7.65,1494933960,53.0,51,2017-05-16 11:26:00
435,3996,California Ave & Milwaukee Ave,Spaulding Ave & Armitage Ave,6.6333333329999995,"41.922695000000004,-87.697153|41.91718375,-87.71035665","41.922695000000004,-87.697153","41.91718375,-87.71035665",7.466666667,1494777180,29.0,51,2017-05-14 15:53:00
436,3085,Daley Center Plaza,McClurg Ct & Illinois St,4.983333333,"41.884240999999996,-87.629634|41.891020000000005,-87.6173","41.884240999999996,-87.629634","41.891020000000005,-87.6173",6.8,1495038300,29.0,51,2017-05-17 16:25:00
437,7250,McCormick Place,MLK Jr Dr & 29th St,4.65,"41.85137517,-87.61883465|41.842052,-87.617","41.85137517,-87.61883465","41.842052,-87.617",7.0,1495140420,33.0,51,2017-05-18 20:47:00
438,2205,Michigan Ave & Oak St,Streeter Dr & Grand Ave,16.6,"41.90096039,-87.62377664|41.892278000000005,-87.612043","41.90096039,-87.62377664","41.892278000000005,-87.612043",12.55,1495361880,66.0,51,2017-05-21 10:18:00
439,9395,Theater on the Lake,Lake Shore Dr & Belmont Ave,9.216666667,"41.926277,-87.630834|41.940775,-87.63919200000001","41.926277,-87.630834","41.940775,-87.63919200000001",10.76666667,1495024500,28.0,51,2017-05-17 12:35:00
440,2293,Lake Shore Dr & North Blvd,Lake Shore Dr & Wellington Ave,16.16666667,"41.911722,-87.626804|41.936669,-87.636794","41.911722,-87.626804","41.936669,-87.636794",16.03333333,1495309200,39.0,51,2017-05-20 19:40:00
441,1499,May St & Taylor St,Loomis St & Taylor St (*),2.383333333,"41.8694821,-87.6554864|41.869417,-87.660996","41.8694821,-87.6554864","41.869417,-87.660996",2.4666666669999997,1495317000,32.5,51,2017-05-20 21:50:00
442,3326,State St & Randolph St,Clinton St & Washington Blvd,5.8,"41.8847302,-87.62773357|41.883379999999995,-87.64116999999999","41.8847302,-87.62773357","41.883379999999995,-87.64116999999999",6.1166666670000005,1494919680,30.0,51,2017-05-16 07:28:00
