,NonSub,FROM STATION NAME,TO STATION NAME,NonSub_Trip_Duration,NonSub_Trip,NonSub_Start_Lat,NonSub_Start_Long,NonSub_End_Lat,NonSub_End_Long,NonSub_Median_Duration_Mins,NonSub_Median_Unix_StartTime,NonSub_Size,NonSub_Median_Timestamp
0,45,Lake Shore Dr & Monroe St,Streeter Dr & Grand Ave,18.5,"41.880958,-87.616743|41.892278000000005,-87.612043",41.880958,-87.616743,41.892278000000005,-87.612043,18.175,1495367010,1230,2017-05-21 11:43:30
1,96,Streeter Dr & Grand Ave,Streeter Dr & Grand Ave,5.283333333,"41.892278000000005,-87.612043|41.892278000000005,-87.612043",41.892278000000005,-87.612043,41.892278000000005,-87.612043,30.76666667,1495456920,901,2017-05-22 12:42:00
2,13,Lake Shore Dr & Monroe St,Lake Shore Dr & Monroe St,16.55,"41.880958,-87.616743|41.880958,-87.616743",41.880958,-87.616743,41.880958,-87.616743,35.11666667,1495127820,667,2017-05-18 17:17:00
3,68,Streeter Dr & Grand Ave,Lake Shore Dr & North Blvd,26.41666667,"41.892278000000005,-87.612043|41.911722,-87.626804",41.892278000000005,-87.612043,41.911722,-87.626804,21.48333333,1495764120,646,2017-05-26 02:02:00
4,101,Streeter Dr & Grand Ave,Lake Shore Dr & Monroe St,19.46666667,"41.892278000000005,-87.612043|41.880958,-87.616743",41.892278000000005,-87.612043,41.880958,-87.616743,15.26666667,1495364640,635,2017-05-21 11:04:00
5,78,Lake Shore Dr & North Blvd,Streeter Dr & Grand Ave,17.7,"41.911722,-87.626804|41.892278000000005,-87.612043",41.911722,-87.626804,41.892278000000005,-87.612043,17.78333333,1495805700,600,2017-05-26 13:35:00
6,338,Streeter Dr & Grand Ave,Theater on the Lake,17.21666667,"41.892278000000005,-87.612043|41.926277,-87.630834",41.892278000000005,-87.612043,41.926277,-87.630834,24.81666667,1495448340,559,2017-05-22 10:19:00
7,130,Theater on the Lake,Streeter Dr & Grand Ave,15.28333333,"41.926277,-87.630834|41.892278000000005,-87.612043",41.926277,-87.630834,41.892278000000005,-87.612043,23.75833333,1495450860,456,2017-05-22 11:01:00
8,120,Dusable Harbor,Streeter Dr & Grand Ave,15.83333333,"41.88504199,-87.61279454|41.892278000000005,-87.612043",41.88504199,-87.61279454,41.892278000000005,-87.612043,16.66666667,1495803510,372,2017-05-26 12:58:30
9,296,Streeter Dr & Grand Ave,Millennium Park,16.95,"41.892278000000005,-87.612043|41.8810317,-87.62408432",41.892278000000005,-87.612043,41.8810317,-87.62408432,22.98333333,1495384080,357,2017-05-21 16:28:00
10,24,Streeter Dr & Grand Ave,Michigan Ave & Oak St,9.916666667000001,"41.892278000000005,-87.612043|41.90096039,-87.62377664",41.892278000000005,-87.612043,41.90096039,-87.62377664,18.18333333,1495383060,343,2017-05-21 16:11:00
11,108,Michigan Ave & Oak St,Michigan Ave & Oak St,23.55,"41.90096039,-87.62377664|41.90096039,-87.62377664",41.90096039,-87.62377664,41.90096039,-87.62377664,50.625,1494977190,340,2017-05-16 23:26:30
12,22,Shedd Aquarium,Lake Shore Dr & Monroe St,13.48333333,"41.86722596,-87.61535539|41.880958,-87.616743",41.86722596,-87.61535539,41.880958,-87.616743,18.06666667,1495379220,337,2017-05-21 15:07:00
13,263,Lake Shore Dr & Monroe St,Adler Planetarium,29.8,"41.880958,-87.616743|41.866095,-87.60726700000001",41.880958,-87.616743,41.866095,-87.60726700000001,20.95,1495423530,318,2017-05-22 03:25:30
14,166,Adler Planetarium,Lake Shore Dr & Monroe St,23.88333333,"41.866095,-87.60726700000001|41.880958,-87.616743",41.866095,-87.60726700000001,41.880958,-87.616743,20.63333333,1495386060,316,2017-05-21 17:01:00
15,70,Lake Shore Dr & Monroe St,Shedd Aquarium,42.76666667,"41.880958,-87.616743|41.86722596,-87.61535539",41.880958,-87.616743,41.86722596,-87.61535539,19.05,1495293660,313,2017-05-20 15:21:00
16,502,Michigan Ave & Oak St,Streeter Dr & Grand Ave,29.56666667,"41.90096039,-87.62377664|41.892278000000005,-87.612043",41.90096039,-87.62377664,41.892278000000005,-87.612043,17.75,1495368990,292,2017-05-21 12:16:30
17,380,Millennium Park,Streeter Dr & Grand Ave,22.66666667,"41.8810317,-87.62408432|41.892278000000005,-87.612043",41.8810317,-87.62408432,41.892278000000005,-87.612043,25.43333333,1495530150,288,2017-05-23 09:02:30
18,381,Shedd Aquarium,Streeter Dr & Grand Ave,35.6,"41.86722596,-87.61535539|41.892278000000005,-87.612043",41.86722596,-87.61535539,41.892278000000005,-87.612043,27.78333333,1495381140,273,2017-05-21 15:39:00
19,39,Michigan Ave & Oak St,Theater on the Lake,47.18333333,"41.90096039,-87.62377664|41.926277,-87.630834",41.90096039,-87.62377664,41.926277,-87.630834,22.91666667,1494934860,250,2017-05-16 11:41:00
20,171,Burnham Harbor,Lake Shore Dr & Monroe St,14.66666667,"41.856268,-87.613348|41.880958,-87.616743",41.856268,-87.613348,41.880958,-87.616743,19.9,1495385580,249,2017-05-21 16:53:00
21,357,Streeter Dr & Grand Ave,Shedd Aquarium,15.2,"41.892278000000005,-87.612043|41.86722596,-87.61535539",41.892278000000005,-87.612043,41.86722596,-87.61535539,25.375,1495213620,244,2017-05-19 17:07:00
22,79,Millennium Park,Millennium Park,67.53333333,"41.8810317,-87.62408432|41.8810317,-87.62408432",41.8810317,-87.62408432,41.8810317,-87.62408432,37.95,1495297980,241,2017-05-20 16:33:00
23,382,Shedd Aquarium,Shedd Aquarium,21.53333333,"41.86722596,-87.61535539|41.86722596,-87.61535539",41.86722596,-87.61535539,41.86722596,-87.61535539,25.25,1495376700,235,2017-05-21 14:25:00
24,350,Lake Shore Dr & North Blvd,Lake Shore Dr & North Blvd,32.93333333,"41.911722,-87.626804|41.911722,-87.626804",41.911722,-87.626804,41.911722,-87.626804,26.8,1495469970,232,2017-05-22 16:19:30
25,615,Montrose Harbor,Montrose Harbor,250.55,"41.963982,-87.638181|41.963982,-87.638181",41.963982,-87.638181,41.963982,-87.638181,37.525,1495379100,230,2017-05-21 15:05:00
26,370,Shedd Aquarium,Millennium Park,22.36666667,"41.86722596,-87.61535539|41.8810317,-87.62408432",41.86722596,-87.61535539,41.8810317,-87.62408432,21.225,1495314300,228,2017-05-20 21:05:00
27,679,Adler Planetarium,Adler Planetarium,1.116666667,"41.866095,-87.60726700000001|41.866095,-87.60726700000001",41.866095,-87.60726700000001,41.866095,-87.60726700000001,27.68333333,1495464960,205,2017-05-22 14:56:00
28,553,Theater on the Lake,Theater on the Lake,53.78333333,"41.926277,-87.630834|41.926277,-87.630834",41.926277,-87.630834,41.926277,-87.630834,30.175,1495307640,202,2017-05-20 19:14:00
29,279,Dusable Harbor,Lake Shore Dr & Monroe St,7.1333333329999995,"41.88504199,-87.61279454|41.880958,-87.616743",41.88504199,-87.61279454,41.880958,-87.616743,18.73333333,1495380180,191,2017-05-21 15:23:00
30,573,Millennium Park,Lake Shore Dr & Monroe St,9.3,"41.8810317,-87.62408432|41.880958,-87.616743",41.8810317,-87.62408432,41.880958,-87.616743,22.91666667,1495471740,190,2017-05-22 16:49:00
31,367,Adler Planetarium,Streeter Dr & Grand Ave,33.15,"41.866095,-87.60726700000001|41.892278000000005,-87.612043",41.866095,-87.60726700000001,41.892278000000005,-87.612043,29.18333333,1495889400,190,2017-05-27 12:50:00
32,321,Millennium Park,Shedd Aquarium,22.2,"41.8810317,-87.62408432|41.86722596,-87.61535539",41.8810317,-87.62408432,41.86722596,-87.61535539,22.63333333,1495294080,189,2017-05-20 15:28:00
33,65,Shedd Aquarium,Adler Planetarium,3.616666667,"41.86722596,-87.61535539|41.866095,-87.60726700000001",41.86722596,-87.61535539,41.866095,-87.60726700000001,14.35833333,1495118100,188,2017-05-18 14:35:00
34,61,Columbus Dr & Randolph St,Streeter Dr & Grand Ave,11.93333333,"41.884728,-87.61952099999999|41.892278000000005,-87.612043",41.884728,-87.61952099999999,41.892278000000005,-87.612043,24.01666667,1495119240,177,2017-05-18 14:54:00
35,403,Streeter Dr & Grand Ave,Wabash Ave & Grand Ave,9.666666667000001,"41.892278000000005,-87.612043|41.891738000000004,-87.626937",41.892278000000005,-87.612043,41.891738000000004,-87.626937,12.35,1495420770,170,2017-05-22 02:39:30
36,925,Lake Shore Dr & Monroe St,Burnham Harbor,51.2,"41.880958,-87.616743|41.856268,-87.613348",41.880958,-87.616743,41.856268,-87.613348,20.8,1495367880,170,2017-05-21 11:58:00
37,58,Theater on the Lake,Michigan Ave & Oak St,19.03333333,"41.926277,-87.630834|41.90096039,-87.62377664",41.926277,-87.630834,41.90096039,-87.62377664,22.10833333,1495145550,170,2017-05-18 22:12:30
38,1971,Lake Shore Dr & Monroe St,Lake Shore Dr & North Blvd,35.48333333,"41.880958,-87.616743|41.911722,-87.626804",41.880958,-87.616743,41.911722,-87.626804,29.33333333,1495727340,163,2017-05-25 15:49:00
39,599,Lake Shore Dr & Monroe St,Millennium Park,11.51666667,"41.880958,-87.616743|41.8810317,-87.62408432",41.880958,-87.616743,41.8810317,-87.62408432,24.01666667,1495293060,161,2017-05-20 15:11:00
40,623,Lake Shore Dr & North Blvd,Theater on the Lake,14.15,"41.911722,-87.626804|41.926277,-87.630834",41.911722,-87.626804,41.926277,-87.630834,18.98333333,1495727520,149,2017-05-25 15:52:00
41,331,Theater on the Lake,Lake Shore Dr & North Blvd,17.85,"41.926277,-87.630834|41.911722,-87.626804",41.926277,-87.630834,41.911722,-87.626804,20.56666667,1495456200,148,2017-05-22 12:30:00
42,135,McClurg Ct & Illinois St,Streeter Dr & Grand Ave,7.166666667,"41.891020000000005,-87.6173|41.892278000000005,-87.612043",41.891020000000005,-87.6173,41.892278000000005,-87.612043,10.45,1495294800,145,2017-05-20 15:40:00
43,618,Lake Shore Dr & North Blvd,Michigan Ave & Oak St,15.71666667,"41.911722,-87.626804|41.90096039,-87.62377664",41.911722,-87.626804,41.90096039,-87.62377664,15.10833333,1495133400,144,2017-05-18 18:50:00
44,206,Adler Planetarium,Shedd Aquarium,16.35,"41.866095,-87.60726700000001|41.86722596,-87.61535539",41.866095,-87.60726700000001,41.86722596,-87.61535539,11.91666667,1495380900,144,2017-05-21 15:35:00
45,66,Montrose Harbor,Theater on the Lake,25.15,"41.963982,-87.638181|41.926277,-87.630834",41.963982,-87.638181,41.926277,-87.630834,26.03333333,1495453680,142,2017-05-22 11:48:00
46,212,Streeter Dr & Grand Ave,Fairbanks Ct & Grand Ave,5.35,"41.892278000000005,-87.612043|41.89186,-87.62062",41.892278000000005,-87.612043,41.89186,-87.62062,14.35,1495369740,141,2017-05-21 12:29:00
47,131,Lake Shore Dr & Monroe St,Dusable Harbor,26.63333333,"41.880958,-87.616743|41.88504199,-87.61279454",41.880958,-87.616743,41.88504199,-87.61279454,22.73333333,1495638060,139,2017-05-24 15:01:00
48,106,Theater on the Lake,Montrose Harbor,29.48333333,"41.926277,-87.630834|41.963982,-87.638181",41.926277,-87.630834,41.963982,-87.638181,27.075,1495079370,138,2017-05-18 03:49:30
49,593,Lake Shore Dr & Monroe St,Michigan Ave & Oak St,27.35,"41.880958,-87.616743|41.90096039,-87.62377664",41.880958,-87.616743,41.90096039,-87.62377664,25.8,1494849060,133,2017-05-15 11:51:00
50,344,Adler Planetarium,Millennium Park,21.15,"41.866095,-87.60726700000001|41.8810317,-87.62408432",41.866095,-87.60726700000001,41.8810317,-87.62408432,25.20833333,1495389900,132,2017-05-21 18:05:00
51,143,Dusable Harbor,Shedd Aquarium,28.2,"41.88504199,-87.61279454|41.86722596,-87.61535539",41.88504199,-87.61279454,41.86722596,-87.61535539,22.8,1495804770,130,2017-05-26 13:19:30
52,656,Burnham Harbor,Burnham Harbor,67.31666667,"41.856268,-87.613348|41.856268,-87.613348",41.856268,-87.613348,41.856268,-87.613348,26.53333333,1495308060,125,2017-05-20 19:21:00
53,1695,Streeter Dr & Grand Ave,Dusable Harbor,10.71666667,"41.892278000000005,-87.612043|41.88504199,-87.61279454",41.892278000000005,-87.612043,41.88504199,-87.61279454,16.93333333,1495469760,125,2017-05-22 16:16:00
54,2532,Field Museum,Lake Shore Dr & Monroe St,44.31666667,"41.865312,-87.617867|41.880958,-87.616743",41.865312,-87.617867,41.880958,-87.616743,19.23333333,1495381980,125,2017-05-21 15:53:00
55,715,Lake Shore Dr & Ohio St,Lake Shore Dr & Ohio St,72.01666667,"41.89257,-87.614492|41.89257,-87.614492",41.89257,-87.614492,41.89257,-87.614492,53.30833333,1495625400,124,2017-05-24 11:30:00
56,718,Dusable Harbor,Dusable Harbor,1.8333333330000001,"41.88504199,-87.61279454|41.88504199,-87.61279454",41.88504199,-87.61279454,41.88504199,-87.61279454,18.10833333,1495323600,122,2017-05-20 23:40:00
57,1488,Lake Shore Dr & North Blvd,Lake Shore Dr & Monroe St,27.51666667,"41.911722,-87.626804|41.880958,-87.616743",41.911722,-87.626804,41.880958,-87.616743,23.41666667,1495469640,121,2017-05-22 16:14:00
58,775,Clark St & Armitage Ave,Streeter Dr & Grand Ave,26.71666667,"41.918306,-87.636282|41.892278000000005,-87.612043",41.918306,-87.636282,41.892278000000005,-87.612043,27.43333333,1495296960,121,2017-05-20 16:16:00
59,1200,Fort Dearborn Dr & 31st St,Burnham Harbor,17.96666667,"41.838556,-87.60821800000001|41.856268,-87.613348",41.838556,-87.60821800000001,41.856268,-87.613348,16.19166667,1495304880,120,2017-05-20 18:28:00
60,319,Streeter Dr & Grand Ave,McClurg Ct & Illinois St,14.31666667,"41.892278000000005,-87.612043|41.891020000000005,-87.6173",41.892278000000005,-87.612043,41.891020000000005,-87.6173,17.93333333,1495715640,118,2017-05-25 12:34:00
61,1305,Dusable Harbor,Adler Planetarium,19.63333333,"41.88504199,-87.61279454|41.866095,-87.60726700000001",41.88504199,-87.61279454,41.866095,-87.60726700000001,23.39166667,1495462050,112,2017-05-22 14:07:30
62,475,Lake Shore Dr & Monroe St,Theater on the Lake,38.05,"41.880958,-87.616743|41.926277,-87.630834",41.880958,-87.616743,41.926277,-87.630834,31.2,1494857760,108,2017-05-15 14:16:00
63,569,Fort Dearborn Dr & 31st St,Fort Dearborn Dr & 31st St,28.03333333,"41.838556,-87.60821800000001|41.838556,-87.60821800000001",41.838556,-87.60821800000001,41.838556,-87.60821800000001,45.5,1495380480,107,2017-05-21 15:28:00
64,309,Streeter Dr & Grand Ave,Clark St & Lincoln Ave,21.2,"41.892278000000005,-87.612043|41.915689,-87.6346",41.892278000000005,-87.612043,41.915689,-87.6346,28.68333333,1494973980,105,2017-05-16 22:33:00
65,280,Indiana Ave & Roosevelt Rd,Lake Shore Dr & Monroe St,17.31666667,"41.867888,-87.623041|41.880958,-87.616743",41.867888,-87.623041,41.880958,-87.616743,22.475,1495251630,104,2017-05-20 03:40:30
66,774,Indiana Ave & Roosevelt Rd,Millennium Park,15.0,"41.867888,-87.623041|41.8810317,-87.62408432",41.867888,-87.623041,41.8810317,-87.62408432,20.55,1495806660,103,2017-05-26 13:51:00
67,2786,Buckingham Fountain,Buckingham Fountain,99.4,"41.872638,-87.623979|41.872638,-87.623979",41.872638,-87.623979,41.872638,-87.623979,45.58333333,1495694760,101,2017-05-25 06:46:00
68,137,Lake Shore Dr & Belmont Ave,Lake Shore Dr & North Blvd,16.93333333,"41.940775,-87.63919200000001|41.911722,-87.626804",41.940775,-87.63919200000001,41.911722,-87.626804,24.91666667,1495141560,101,2017-05-18 21:06:00
69,974,Streeter Dr & Grand Ave,Michigan Ave & Pearson St,17.23333333,"41.892278000000005,-87.612043|41.897659999999995,-87.62351",41.892278000000005,-87.612043,41.897659999999995,-87.62351,18.65,1495725780,100,2017-05-25 15:23:00
70,408,Buckingham Fountain,Millennium Park,22.66666667,"41.872638,-87.623979|41.8810317,-87.62408432",41.872638,-87.623979,41.8810317,-87.62408432,15.38333333,1495293840,99,2017-05-20 15:24:00
71,17,Lake Shore Dr & Monroe St,Field Museum,18.48333333,"41.880958,-87.616743|41.865312,-87.617867",41.880958,-87.616743,41.865312,-87.617867,19.93333333,1495200480,97,2017-05-19 13:28:00
72,1752,Michigan Ave & Oak St,Lake Shore Dr & North Blvd,14.96666667,"41.90096039,-87.62377664|41.911722,-87.626804",41.90096039,-87.62377664,41.911722,-87.626804,18.05,1495039980,97,2017-05-17 16:53:00
73,88,Michigan Ave & Pearson St,Streeter Dr & Grand Ave,22.93333333,"41.897659999999995,-87.62351|41.892278000000005,-87.612043",41.897659999999995,-87.62351,41.892278000000005,-87.612043,21.51666667,1495383840,97,2017-05-21 16:24:00
74,214,Shedd Aquarium,Michigan Ave & Jackson Blvd,11.43333333,"41.86722596,-87.61535539|41.87785,-87.62408",41.86722596,-87.61535539,41.87785,-87.62408,21.16666667,1495296570,96,2017-05-20 16:09:30
75,638,Clark St & Lincoln Ave,Streeter Dr & Grand Ave,41.66666667,"41.915689,-87.6346|41.892278000000005,-87.612043",41.915689,-87.6346,41.892278000000005,-87.612043,26.03333333,1495301400,95,2017-05-20 17:30:00
76,993,Field Museum,Streeter Dr & Grand Ave,54.01666667,"41.865312,-87.617867|41.892278000000005,-87.612043",41.865312,-87.617867,41.892278000000005,-87.612043,30.48333333,1495456080,95,2017-05-22 12:28:00
77,320,Michigan Ave & Washington St,Streeter Dr & Grand Ave,22.31666667,"41.88389277,-87.62464914|41.892278000000005,-87.612043",41.88389277,-87.62464914,41.892278000000005,-87.612043,25.11666667,1495134240,95,2017-05-18 19:04:00
78,1448,Lake Shore Dr & Ohio St,Streeter Dr & Grand Ave,45.08333333,"41.89257,-87.614492|41.892278000000005,-87.612043",41.89257,-87.614492,41.892278000000005,-87.612043,18.35,1494868080,93,2017-05-15 17:08:00
79,2213,Michigan Ave & Oak St,Lake Shore Dr & Monroe St,22.61666667,"41.90096039,-87.62377664|41.880958,-87.616743",41.90096039,-87.62377664,41.880958,-87.616743,23.7,1495453860,93,2017-05-22 11:51:00
80,2017,Michigan Ave & Jackson Blvd,Streeter Dr & Grand Ave,24.0,"41.87785,-87.62408|41.892278000000005,-87.612043",41.87785,-87.62408,41.892278000000005,-87.612043,27.5,1495676310,92,2017-05-25 01:38:30
81,436,Lakefront Trail & Bryn Mawr Ave,Lakefront Trail & Bryn Mawr Ave,1.9,"41.984036700000004,-87.65231047|41.984036700000004,-87.65231047",41.984036700000004,-87.65231047,41.984036700000004,-87.65231047,34.64166667,1495107690,92,2017-05-18 11:41:30
82,167,Clark St & North Ave,Streeter Dr & Grand Ave,22.45,"41.911974,-87.63194200000001|41.892278000000005,-87.612043",41.911974,-87.63194200000001,41.892278000000005,-87.612043,22.36666667,1495343730,90,2017-05-21 05:15:30
83,1677,Michigan Ave & Jackson Blvd,Shedd Aquarium,28.78333333,"41.87785,-87.62408|41.86722596,-87.61535539",41.87785,-87.62408,41.86722596,-87.61535539,21.54166667,1495707780,90,2017-05-25 10:23:00
84,299,Streeter Dr & Grand Ave,Michigan Ave & Washington St,27.55,"41.892278000000005,-87.612043|41.88389277,-87.62464914",41.892278000000005,-87.612043,41.88389277,-87.62464914,25.1,1495105260,89,2017-05-18 11:01:00
85,172,Field Museum,Millennium Park,19.46666667,"41.865312,-87.617867|41.8810317,-87.62408432",41.865312,-87.617867,41.8810317,-87.62408432,21.93333333,1495468440,89,2017-05-22 15:54:00
86,2075,Lake Shore Dr & Belmont Ave,Streeter Dr & Grand Ave,79.6,"41.940775,-87.63919200000001|41.892278000000005,-87.612043",41.940775,-87.63919200000001,41.892278000000005,-87.612043,33.18333333,1495364940,89,2017-05-21 11:09:00
87,109,Shedd Aquarium,Dusable Harbor,20.61666667,"41.86722596,-87.61535539|41.88504199,-87.61279454",41.86722596,-87.61535539,41.88504199,-87.61279454,21.13333333,1495719300,89,2017-05-25 13:35:00
88,447,Columbus Dr & Randolph St,Columbus Dr & Randolph St,3.4666666669999997,"41.884728,-87.61952099999999|41.884728,-87.61952099999999",41.884728,-87.61952099999999,41.884728,-87.61952099999999,23.30833333,1495419720,88,2017-05-22 02:22:00
89,542,Streeter Dr & Grand Ave,St. Clair St & Erie St,14.35,"41.892278000000005,-87.612043|41.894448,-87.622663",41.892278000000005,-87.612043,41.894448,-87.622663,16.825,1495853700,88,2017-05-27 02:55:00
90,608,Burnham Harbor,Fort Dearborn Dr & 31st St,14.51666667,"41.856268,-87.613348|41.838556,-87.60821800000001",41.856268,-87.613348,41.838556,-87.60821800000001,16.11666667,1495755000,87,2017-05-25 23:30:00
91,325,Streeter Dr & Grand Ave,Adler Planetarium,42.18333333,"41.892278000000005,-87.612043|41.866095,-87.60726700000001",41.892278000000005,-87.612043,41.866095,-87.60726700000001,27.88333333,1494962700,85,2017-05-16 19:25:00
92,1665,Adler Planetarium,Burnham Harbor,17.7,"41.866095,-87.60726700000001|41.856268,-87.613348",41.866095,-87.60726700000001,41.856268,-87.613348,16.48333333,1495041780,85,2017-05-17 17:23:00
93,556,Streeter Dr & Grand Ave,Wabash Ave & Wacker Pl,18.56666667,"41.892278000000005,-87.612043|41.886875,-87.62603",41.892278000000005,-87.612043,41.886875,-87.62603,22.18333333,1495467210,84,2017-05-22 15:33:30
94,217,Michigan Ave & Jackson Blvd,Millennium Park,6.65,"41.87785,-87.62408|41.8810317,-87.62408432",41.87785,-87.62408,41.8810317,-87.62408432,10.60833333,1495637400,82,2017-05-24 14:50:00
95,1696,Millennium Park,Adler Planetarium,18.83333333,"41.8810317,-87.62408432|41.866095,-87.60726700000001",41.8810317,-87.62408432,41.866095,-87.60726700000001,27.16666667,1495965060,80,2017-05-28 09:51:00
96,2513,Montrose Harbor,Lake Shore Dr & Belmont Ave,16.68333333,"41.963982,-87.638181|41.940775,-87.63919200000001",41.963982,-87.638181,41.940775,-87.63919200000001,24.08333333,1495899390,80,2017-05-27 15:36:30
97,639,Theater on the Lake,Lake Shore Dr & Belmont Ave,20.13333333,"41.926277,-87.630834|41.940775,-87.63919200000001",41.926277,-87.630834,41.940775,-87.63919200000001,17.36666667,1495411260,80,2017-05-22 00:01:00
98,46,Michigan Ave & Washington St,Lake Shore Dr & Monroe St,19.2,"41.88389277,-87.62464914|41.880958,-87.616743",41.88389277,-87.62464914,41.880958,-87.616743,18.83333333,1495120320,79,2017-05-18 15:12:00
99,30,Lake Shore Dr & North Blvd,Clark St & Armitage Ave,36.18333333,"41.911722,-87.626804|41.918306,-87.636282",41.911722,-87.626804,41.918306,-87.636282,16.66666667,1495027080,79,2017-05-17 13:18:00
100,966,Indiana Ave & Roosevelt Rd,Indiana Ave & Roosevelt Rd,109.33333329999999,"41.867888,-87.623041|41.867888,-87.623041",41.867888,-87.623041,41.867888,-87.623041,42.61666667,1495734720,79,2017-05-25 17:52:00
101,3813,Lake Shore Dr & Belmont Ave,Theater on the Lake,11.01666667,"41.940775,-87.63919200000001|41.926277,-87.630834",41.940775,-87.63919200000001,41.926277,-87.630834,17.91666667,1495368180,77,2017-05-21 12:03:00
102,1340,Streeter Dr & Grand Ave,Indiana Ave & Roosevelt Rd,30.0,"41.892278000000005,-87.612043|41.867888,-87.623041",41.892278000000005,-87.612043,41.867888,-87.623041,26.53333333,1495447920,77,2017-05-22 10:12:00
103,2114,Buckingham Fountain,Lake Shore Dr & Monroe St,16.73333333,"41.872638,-87.623979|41.880958,-87.616743",41.872638,-87.623979,41.880958,-87.616743,18.675,1495053690,76,2017-05-17 20:41:30
104,716,Dusable Harbor,Millennium Park,21.53333333,"41.88504199,-87.61279454|41.8810317,-87.62408432",41.88504199,-87.61279454,41.8810317,-87.62408432,18.60833333,1495809810,76,2017-05-26 14:43:30
105,2822,Streeter Dr & Grand Ave,Buckingham Fountain,87.3,"41.892278000000005,-87.612043|41.872638,-87.623979",41.892278000000005,-87.612043,41.872638,-87.623979,26.91666667,1495462380,75,2017-05-22 14:13:00
106,984,Lake Shore Dr & North Blvd,Clark St & Lincoln Ave,4.433333333,"41.911722,-87.626804|41.915689,-87.6346",41.911722,-87.626804,41.915689,-87.6346,15.5,1495739400,75,2017-05-25 19:10:00
107,69,Michigan Ave & Jackson Blvd,Michigan Ave & Jackson Blvd,23.8,"41.87785,-87.62408|41.87785,-87.62408",41.87785,-87.62408,41.87785,-87.62408,25.6,1495637100,75,2017-05-24 14:45:00
108,348,Adler Planetarium,Michigan Ave & Jackson Blvd,45.78333333,"41.866095,-87.60726700000001|41.87785,-87.62408",41.866095,-87.60726700000001,41.87785,-87.62408,25.08333333,1495044960,75,2017-05-17 18:16:00
109,2038,Streeter Dr & Grand Ave,Michigan Ave & Congress Pkwy,57.38333333,"41.892278000000005,-87.612043|41.876243,-87.624426",41.892278000000005,-87.612043,41.876243,-87.624426,25.3,1495098420,75,2017-05-18 09:07:00
110,1728,Burnham Harbor,Streeter Dr & Grand Ave,34.85,"41.856268,-87.613348|41.892278000000005,-87.612043",41.856268,-87.613348,41.892278000000005,-87.612043,26.95,1495903020,74,2017-05-27 16:37:00
111,1167,McClurg Ct & Illinois St,McClurg Ct & Illinois St,6.933333332999999,"41.891020000000005,-87.6173|41.891020000000005,-87.6173",41.891020000000005,-87.6173,41.891020000000005,-87.6173,33.55833333,1495469580,74,2017-05-22 16:13:00
112,1691,Lakeview Ave & Fullerton Pkwy,Streeter Dr & Grand Ave,48.05,"41.925858000000005,-87.638973|41.892278000000005,-87.612043",41.925858000000005,-87.638973,41.892278000000005,-87.612043,30.46666667,1495029840,73,2017-05-17 14:04:00
113,2853,Lake Shore Dr & Wellington Ave,Lake Shore Dr & North Blvd,19.38333333,"41.936669,-87.636794|41.911722,-87.626804",41.936669,-87.636794,41.911722,-87.626804,23.75,1495464360,73,2017-05-22 14:46:00
114,154,Streeter Dr & Grand Ave,LaSalle St & Illinois St,51.91666667,"41.892278000000005,-87.612043|41.890755,-87.632009",41.892278000000005,-87.612043,41.890755,-87.632009,15.96666667,1495145340,73,2017-05-18 22:09:00
115,654,Buckingham Fountain,Streeter Dr & Grand Ave,23.25,"41.872638,-87.623979|41.892278000000005,-87.612043",41.872638,-87.623979,41.892278000000005,-87.612043,27.60833333,1495796940,72,2017-05-26 11:09:00
116,1081,Streeter Dr & Grand Ave,Clark St & Armitage Ave,22.56666667,"41.892278000000005,-87.612043|41.918306,-87.636282",41.892278000000005,-87.612043,41.918306,-87.636282,33.56666667,1495718220,71,2017-05-25 13:17:00
117,134,Fairbanks Ct & Grand Ave,Streeter Dr & Grand Ave,10.03333333,"41.89186,-87.62062|41.892278000000005,-87.612043",41.89186,-87.62062,41.892278000000005,-87.612043,11.85,1495896120,71,2017-05-27 14:42:00
118,346,Lakefront Trail & Bryn Mawr Ave,Theater on the Lake,61.53333333,"41.984036700000004,-87.65231047|41.926277,-87.630834",41.984036700000004,-87.65231047,41.926277,-87.630834,34.225,1495290120,70,2017-05-20 14:22:00
119,684,Michigan Ave & Congress Pkwy,Streeter Dr & Grand Ave,14.46666667,"41.876243,-87.624426|41.892278000000005,-87.612043",41.876243,-87.624426,41.892278000000005,-87.612043,28.51666667,1494946020,69,2017-05-16 14:47:00
120,666,Montrose Harbor,Lakefront Trail & Bryn Mawr Ave,21.28333333,"41.963982,-87.638181|41.984036700000004,-87.65231047",41.963982,-87.638181,41.984036700000004,-87.65231047,20.05,1495795200,69,2017-05-26 10:40:00
121,1556,Streeter Dr & Grand Ave,Mies van der Rohe Way & Chicago Ave,11.36666667,"41.892278000000005,-87.612043|41.89691,-87.62174300000001",41.892278000000005,-87.612043,41.89691,-87.62174300000001,15.51666667,1494848220,69,2017-05-15 11:37:00
122,2158,Streeter Dr & Grand Ave,Lake Shore Dr & Belmont Ave,45.63333333,"41.892278000000005,-87.612043|41.940775,-87.63919200000001",41.892278000000005,-87.612043,41.940775,-87.63919200000001,31.25,1494949740,69,2017-05-16 15:49:00
123,0,Field Museum,Field Museum,25.43333333,"41.865312,-87.617867|41.865312,-87.617867",41.865312,-87.617867,41.865312,-87.617867,22.33333333,1495788120,69,2017-05-26 08:42:00
124,2142,Streeter Dr & Grand Ave,Cannon Dr & Fullerton Ave,36.98333333,"41.892278000000005,-87.612043|41.92675599,-87.63442879",41.892278000000005,-87.612043,41.92675599,-87.63442879,30.30833333,1494866670,68,2017-05-15 16:44:30
125,648,Lake Shore Dr & Belmont Ave,Montrose Harbor,23.91666667,"41.940775,-87.63919200000001|41.963982,-87.638181",41.940775,-87.63919200000001,41.963982,-87.638181,21.66666667,1495957320,67,2017-05-28 07:42:00
126,1766,Michigan Ave & Lake St,Streeter Dr & Grand Ave,43.8,"41.886024,-87.624117|41.892278000000005,-87.612043",41.886024,-87.624117,41.892278000000005,-87.612043,25.8,1495628520,67,2017-05-24 12:22:00
127,4455,Lake Shore Dr & Monroe St,McClurg Ct & Illinois St,27.83333333,"41.880958,-87.616743|41.891020000000005,-87.6173",41.880958,-87.616743,41.891020000000005,-87.6173,22.91666667,1495368900,67,2017-05-21 12:15:00
128,723,Streeter Dr & Grand Ave,Cityfront Plaza Dr & Pioneer Ct,19.21666667,"41.892278000000005,-87.612043|41.890572999999996,-87.622072",41.892278000000005,-87.612043,41.890572999999996,-87.622072,22.175,1495024800,66,2017-05-17 12:40:00
129,499,Indiana Ave & Roosevelt Rd,Streeter Dr & Grand Ave,22.46666667,"41.867888,-87.623041|41.892278000000005,-87.612043",41.867888,-87.623041,41.892278000000005,-87.612043,27.95833333,1495722750,66,2017-05-25 14:32:30
130,287,Lakefront Trail & Bryn Mawr Ave,Montrose Harbor,16.78333333,"41.984036700000004,-87.65231047|41.963982,-87.638181",41.984036700000004,-87.65231047,41.963982,-87.638181,20.74166667,1495365960,66,2017-05-21 11:26:00
131,198,LaSalle St & Illinois St,Streeter Dr & Grand Ave,18.18333333,"41.890755,-87.632009|41.892278000000005,-87.612043",41.890755,-87.632009,41.892278000000005,-87.612043,19.2,1495895100,66,2017-05-27 14:25:00
132,138,Streeter Dr & Grand Ave,Lake Shore Dr & Ohio St,2.383333333,"41.892278000000005,-87.612043|41.89257,-87.614492",41.892278000000005,-87.612043,41.89257,-87.614492,16.04166667,1495456080,66,2017-05-22 12:28:00
133,4613,Fort Dearborn Dr & 31st St,Lake Shore Dr & Monroe St,33.01666667,"41.838556,-87.60821800000001|41.880958,-87.616743",41.838556,-87.60821800000001,41.880958,-87.616743,26.28333333,1495375740,65,2017-05-21 14:09:00
134,1748,Michigan Ave & Oak St,Millennium Park,30.26666667,"41.90096039,-87.62377664|41.8810317,-87.62408432",41.90096039,-87.62377664,41.8810317,-87.62408432,28.825,1495503180,64,2017-05-23 01:33:00
135,2190,Lake Shore Dr & North Blvd,Lake Shore Dr & Belmont Ave,37.68333333,"41.911722,-87.626804|41.940775,-87.63919200000001",41.911722,-87.626804,41.940775,-87.63919200000001,22.96666667,1495887720,64,2017-05-27 12:22:00
136,601,Streeter Dr & Grand Ave,Burnham Harbor,28.98333333,"41.892278000000005,-87.612043|41.856268,-87.613348",41.892278000000005,-87.612043,41.856268,-87.613348,27.26666667,1495542000,63,2017-05-23 12:20:00
137,1450,Lake Shore Dr & Monroe St,Michigan Ave & Jackson Blvd,26.46666667,"41.880958,-87.616743|41.87785,-87.62408",41.880958,-87.616743,41.87785,-87.62408,25.08333333,1495384440,63,2017-05-21 16:34:00
138,2969,McClurg Ct & Illinois St,Lake Shore Dr & Monroe St,36.73333333,"41.891020000000005,-87.6173|41.880958,-87.616743",41.891020000000005,-87.6173,41.880958,-87.616743,20.275,1495731360,62,2017-05-25 16:56:00
139,485,Columbus Dr & Randolph St,Shedd Aquarium,11.48333333,"41.884728,-87.61952099999999|41.86722596,-87.61535539",41.884728,-87.61952099999999,41.86722596,-87.61535539,27.10833333,1495499400,62,2017-05-23 00:30:00
140,153,Wabash Ave & Grand Ave,Streeter Dr & Grand Ave,15.33333333,"41.891738000000004,-87.626937|41.892278000000005,-87.612043",41.891738000000004,-87.626937,41.892278000000005,-87.612043,16.98333333,1495468860,61,2017-05-22 16:01:00
141,1396,Streeter Dr & Grand Ave,Columbus Dr & Randolph St,35.26666667,"41.892278000000005,-87.612043|41.884728,-87.61952099999999",41.892278000000005,-87.612043,41.884728,-87.61952099999999,21.3,1495461960,61,2017-05-22 14:06:00
142,1907,Adler Planetarium,Dusable Harbor,20.63333333,"41.866095,-87.60726700000001|41.88504199,-87.61279454",41.866095,-87.60726700000001,41.88504199,-87.61279454,20.475,1495883460,60,2017-05-27 11:11:00
143,1264,Cannon Dr & Fullerton Ave,Streeter Dr & Grand Ave,19.53333333,"41.92675599,-87.63442879|41.892278000000005,-87.612043",41.92675599,-87.63442879,41.892278000000005,-87.612043,31.46666667,1495625610,60,2017-05-24 11:33:30
144,1296,Mies van der Rohe Way & Chestnut St,Streeter Dr & Grand Ave,5.35,"41.89858665,-87.62191523|41.892278000000005,-87.612043",41.89858665,-87.62191523,41.892278000000005,-87.612043,14.05833333,1495906650,60,2017-05-27 17:37:30
145,2747,Lake Shore Dr & Belmont Ave,Lake Shore Dr & Belmont Ave,1.966666667,"41.940775,-87.63919200000001|41.940775,-87.63919200000001",41.940775,-87.63919200000001,41.940775,-87.63919200000001,45.475,1495840710,60,2017-05-26 23:18:30
146,55,Michigan Ave & Lake St,Michigan Ave & Lake St,117.1,"41.886024,-87.624117|41.886024,-87.624117",41.886024,-87.624117,41.886024,-87.624117,25.25,1495373370,60,2017-05-21 13:29:30
147,4,Franklin St & Jackson Blvd,Millennium Park,6.916666667,"41.87770796,-87.63532114|41.8810317,-87.62408432",41.87770796,-87.63532114,41.8810317,-87.62408432,14.15,1494775860,59,2017-05-14 15:31:00
148,975,Lake Shore Dr & Ohio St,Lake Shore Dr & North Blvd,12.55,"41.89257,-87.614492|41.911722,-87.626804",41.89257,-87.614492,41.911722,-87.626804,23.33333333,1495890540,59,2017-05-27 13:09:00
149,40,Lake Shore Dr & Monroe St,Indiana Ave & Roosevelt Rd,20.51666667,"41.880958,-87.616743|41.867888,-87.623041",41.880958,-87.616743,41.867888,-87.623041,20.08333333,1495465740,59,2017-05-22 15:09:00
150,1203,Dusable Harbor,Lake Shore Dr & North Blvd,28.28333333,"41.88504199,-87.61279454|41.911722,-87.626804",41.88504199,-87.61279454,41.911722,-87.626804,28.03333333,1495737540,59,2017-05-25 18:39:00
151,132,Adler Planetarium,Field Museum,14.15,"41.866095,-87.60726700000001|41.865312,-87.617867",41.866095,-87.60726700000001,41.865312,-87.617867,16.425,1495541820,58,2017-05-23 12:17:00
152,266,Cityfront Plaza Dr & Pioneer Ct,Streeter Dr & Grand Ave,15.18333333,"41.890572999999996,-87.622072|41.892278000000005,-87.612043",41.890572999999996,-87.622072,41.892278000000005,-87.612043,18.10833333,1495592160,58,2017-05-24 02:16:00
153,2104,Lake Shore Dr & Monroe St,Michigan Ave & Washington St,19.13333333,"41.880958,-87.616743|41.88389277,-87.62464914",41.880958,-87.616743,41.88389277,-87.62464914,21.05833333,1495736340,58,2017-05-25 18:19:00
154,505,Shedd Aquarium,Buckingham Fountain,23.66666667,"41.86722596,-87.61535539|41.872638,-87.623979",41.86722596,-87.61535539,41.872638,-87.623979,12.28333333,1495396920,57,2017-05-21 20:02:00
155,817,Burnham Harbor,Adler Planetarium,31.38333333,"41.856268,-87.613348|41.866095,-87.60726700000001",41.856268,-87.613348,41.866095,-87.60726700000001,15.55,1495377060,57,2017-05-21 14:31:00
156,1922,Streeter Dr & Grand Ave,Mies van der Rohe Way & Chestnut St,27.9,"41.892278000000005,-87.612043|41.89858665,-87.62191523",41.892278000000005,-87.612043,41.89858665,-87.62191523,16.76666667,1495373580,57,2017-05-21 13:33:00
157,1609,Theater on the Lake,Lake Shore Dr & Monroe St,38.81666667,"41.926277,-87.630834|41.880958,-87.616743",41.926277,-87.630834,41.880958,-87.616743,27.65833333,1494766410,56,2017-05-14 12:53:30
158,1807,Theater on the Lake,Pine Grove Ave & Irving Park Rd,43.6,"41.926277,-87.630834|41.954383,-87.648043",41.926277,-87.630834,41.954383,-87.648043,24.725,1495372500,56,2017-05-21 13:15:00
159,2716,McClurg Ct & Illinois St,Theater on the Lake,30.6,"41.891020000000005,-87.6173|41.926277,-87.630834",41.891020000000005,-87.6173,41.926277,-87.630834,29.425,1495381860,56,2017-05-21 15:51:00
160,2044,Museum of Science and Industry,Burnham Harbor,50.45,"41.79172821,-87.58394501|41.856268,-87.613348",41.79172821,-87.58394501,41.856268,-87.613348,40.175,1495638210,56,2017-05-24 15:03:30
161,530,Burnham Harbor,Museum of Science and Industry,37.65,"41.856268,-87.613348|41.79172821,-87.58394501",41.856268,-87.613348,41.79172821,-87.58394501,37.86666667,1495119060,55,2017-05-18 14:51:00
162,165,Lake Shore Dr & Monroe St,Wabash Ave & Wacker Pl,15.3,"41.880958,-87.616743|41.886875,-87.62603",41.880958,-87.616743,41.886875,-87.62603,24.13333333,1495311420,55,2017-05-20 20:17:00
163,385,Michigan Ave & Washington St,Michigan Ave & Washington St,51.45,"41.88389277,-87.62464914|41.88389277,-87.62464914",41.88389277,-87.62464914,41.88389277,-87.62464914,66.68333333,1495111380,55,2017-05-18 12:43:00
164,271,Streeter Dr & Grand Ave,Clark St & North Ave,19.93333333,"41.892278000000005,-87.612043|41.911974,-87.63194200000001",41.892278000000005,-87.612043,41.911974,-87.63194200000001,24.0,1495448640,55,2017-05-22 10:24:00
165,192,Indiana Ave & Roosevelt Rd,Adler Planetarium,18.08333333,"41.867888,-87.623041|41.866095,-87.60726700000001",41.867888,-87.623041,41.866095,-87.60726700000001,19.61666667,1494847920,55,2017-05-15 11:32:00
166,2421,Fort Dearborn Dr & 31st St,Shedd Aquarium,19.35,"41.838556,-87.60821800000001|41.86722596,-87.61535539",41.838556,-87.60821800000001,41.86722596,-87.61535539,21.2,1495227570,54,2017-05-19 20:59:30
167,981,Clark St & Armitage Ave,Michigan Ave & Oak St,15.33333333,"41.918306,-87.636282|41.90096039,-87.62377664",41.918306,-87.636282,41.90096039,-87.62377664,22.88333333,1495476930,54,2017-05-22 18:15:30
168,1900,Stockton Dr & Wrightwood Ave,Streeter Dr & Grand Ave,36.63333333,"41.93132,-87.63874200000001|41.892278000000005,-87.612043",41.93132,-87.63874200000001,41.892278000000005,-87.612043,30.56666667,1494702570,54,2017-05-13 19:09:30
169,316,Streeter Dr & Grand Ave,Michigan Ave & Jackson Blvd,21.76666667,"41.892278000000005,-87.612043|41.87785,-87.62408",41.892278000000005,-87.612043,41.87785,-87.62408,25.025,1494856410,54,2017-05-15 13:53:30
170,2449,Lake Shore Dr & Monroe St,Lake Shore Dr & Ohio St,9.233333333,"41.880958,-87.616743|41.89257,-87.614492",41.880958,-87.616743,41.89257,-87.614492,23.8,1494790560,53,2017-05-14 19:36:00
171,129,Wabash Ave & Grand Ave,Wabash Ave & Grand Ave,25.08333333,"41.891738000000004,-87.626937|41.891738000000004,-87.626937",41.891738000000004,-87.626937,41.891738000000004,-87.626937,45.6,1494933720,53,2017-05-16 11:22:00
172,140,Shedd Aquarium,Indiana Ave & Roosevelt Rd,7.066666667000001,"41.86722596,-87.61535539|41.867888,-87.623041",41.86722596,-87.61535539,41.867888,-87.623041,14.5,1495298640,53,2017-05-20 16:44:00
173,1138,Lakefront Trail & Bryn Mawr Ave,Lake Shore Dr & Belmont Ave,26.05,"41.984036700000004,-87.65231047|41.940775,-87.63919200000001",41.984036700000004,-87.65231047,41.940775,-87.63919200000001,25.31666667,1495021560,53,2017-05-17 11:46:00
174,1913,Lake Shore Dr & North Blvd,Dusable Harbor,24.28333333,"41.911722,-87.626804|41.88504199,-87.61279454",41.911722,-87.626804,41.88504199,-87.61279454,22.05,1495894620,53,2017-05-27 14:17:00
175,425,Streeter Dr & Grand Ave,Michigan Ave & Lake St,12.98333333,"41.892278000000005,-87.612043|41.886024,-87.624117",41.892278000000005,-87.612043,41.886024,-87.624117,26.76666667,1494781080,53,2017-05-14 16:58:00
176,979,Field Museum,Michigan Ave & Jackson Blvd,13.16666667,"41.865312,-87.617867|41.87785,-87.62408",41.865312,-87.617867,41.87785,-87.62408,17.06666667,1495889400,53,2017-05-27 12:50:00
177,151,Shore Dr & 55th St,Shore Dr & 55th St,3.2833333330000003,"41.795212,-87.580715|41.795212,-87.580715",41.795212,-87.580715,41.795212,-87.580715,44.56666667,1495372830,52,2017-05-21 13:20:30
178,1600,Cannon Dr & Fullerton Ave,Cannon Dr & Fullerton Ave,408.6666667,"41.92675599,-87.63442879|41.92675599,-87.63442879",41.92675599,-87.63442879,41.92675599,-87.63442879,38.61666667,1495367370,52,2017-05-21 11:49:30
179,100,Field Museum,Shedd Aquarium,11.7,"41.865312,-87.617867|41.86722596,-87.61535539",41.865312,-87.617867,41.86722596,-87.61535539,15.675,1495632360,52,2017-05-24 13:26:00
180,636,Millennium Park,Buckingham Fountain,11.61666667,"41.8810317,-87.62408432|41.872638,-87.623979",41.8810317,-87.62408432,41.872638,-87.623979,21.69166667,1495749780,52,2017-05-25 22:03:00
181,958,McClurg Ct & Illinois St,Millennium Park,26.45,"41.891020000000005,-87.6173|41.8810317,-87.62408432",41.891020000000005,-87.6173,41.8810317,-87.62408432,23.83333333,1495892880,52,2017-05-27 13:48:00
182,174,Indiana Ave & Roosevelt Rd,Michigan Ave & Jackson Blvd,9.516666667,"41.867888,-87.623041|41.87785,-87.62408",41.867888,-87.623041,41.87785,-87.62408,20.23333333,1495720800,51,2017-05-25 14:00:00
183,182,Millennium Park,Indiana Ave & Roosevelt Rd,17.76666667,"41.8810317,-87.62408432|41.867888,-87.623041",41.8810317,-87.62408432,41.867888,-87.623041,19.76666667,1494960240,51,2017-05-16 18:44:00
184,36,Wabash Ave & Wacker Pl,Streeter Dr & Grand Ave,12.96666667,"41.886875,-87.62603|41.892278000000005,-87.612043",41.886875,-87.62603,41.892278000000005,-87.612043,24.26666667,1495305360,51,2017-05-20 18:36:00
185,4476,Lake Shore Dr & Ohio St,Theater on the Lake,21.03333333,"41.89257,-87.614492|41.926277,-87.630834",41.89257,-87.614492,41.926277,-87.630834,26.63333333,1495377840,51,2017-05-21 14:44:00
186,521,Streeter Dr & Grand Ave,Rush St & Hubbard St,17.51666667,"41.892278000000005,-87.612043|41.890011,-87.626293",41.892278000000005,-87.612043,41.890011,-87.626293,18.21666667,1494774900,51,2017-05-14 15:15:00
