,TO STATION NAME,Trip_Duration,Trip,Start_Coords,End_Coords,Median_Duration_Mins,Median_Unix_StartTime,Median_Age,Size,Public_Duration
436,Michigan Ave & Washington St,5.7,"41.882090999999996,-87.639833|41.88389277,-87.62464914","41.882090999999996,-87.639833","41.88389277,-87.62464914",7.291666666666666,1494835500,30.0,286,
685,Michigan Ave & Washington St,5.0,"41.88327159,-87.63731329|41.88389277,-87.62464914","41.88327159,-87.63731329","41.88389277,-87.62464914",6.2,1494919260,32.0,259,
68,State St & 33rd St,6.583333333333332,"41.842052,-87.617|41.834734000000005,-87.625813","41.842052,-87.617","41.834734000000005,-87.625813",8.208333333333332,1495117590,51.5,238,
379,Clinton St & Washington Blvd,9.666666666666666,"41.884728,-87.61952099999999|41.883379999999995,-87.64116999999999","41.884728,-87.61952099999999","41.883379999999995,-87.64116999999999",9.2,1494950040,31.0,231,
6098,Theater on the Lake,15.633333333333333,"41.892278000000005,-87.612043|41.926277,-87.630834","41.892278000000005,-87.612043","41.926277,-87.630834",19.016666666666666,1495185600,36.0,207,
2375,Burnham Harbor,10.566666666666666,"41.838556,-87.60821800000001|41.856268,-87.613348","41.838556,-87.60821800000001","41.856268,-87.613348",13.083333333333336,1495382160,45.0,205,
5,MLK Jr Dr & 29th St,9.416666666666666,"41.834734000000005,-87.625813|41.842052,-87.617","41.834734000000005,-87.625813","41.842052,-87.617",8.766666666666667,1494950040,47.0,199,
411,Clinton St & Washington Blvd,5.633333333333334,"41.88389277,-87.62464914|41.883379999999995,-87.64116999999999","41.88389277,-87.62464914","41.883379999999995,-87.64116999999999",7.883333333333334,1494955320,32.0,194,
288,Michigan Ave & Washington St,5.466666666666668,"41.883379999999995,-87.64116999999999|41.88389277,-87.62464914","41.883379999999995,-87.64116999999999","41.88389277,-87.62464914",7.9,1494920190,33.0,192,
1447,Canal St & Madison St,10.383333333333333,"41.884728,-87.61952099999999|41.882090999999996,-87.639833","41.884728,-87.61952099999999","41.882090999999996,-87.639833",9.333333333333334,1494936720,28.0,189,
712,Michigan Ave & Jackson Blvd,5.833333333333332,"41.867888,-87.623041|41.87785,-87.62408","41.867888,-87.623041","41.87785,-87.62408",6.333333333333332,1495008240,29.0,174,
1304,Wabash Ave & 16th St,4.533333333333333,"41.867227,-87.625961|41.860384,-87.625813","41.867227,-87.625961","41.860384,-87.625813",3.25,1494901170,43.0,172,
273,Michigan Ave & Washington St,7.75,"41.879255,-87.639904|41.88389277,-87.62464914","41.879255,-87.639904","41.88389277,-87.62464914",8.883333333333333,1494878520,78.0,170,
184,St. Clair St & Erie St,10.733333333333333,"41.883379999999995,-87.64116999999999|41.894448,-87.622663","41.883379999999995,-87.64116999999999","41.894448,-87.622663",12.866666666666667,1494838860,29.0,167,
601,State St & 33rd St,3.533333333333333,"41.8349,-87.61793|41.834734000000005,-87.625813","41.8349,-87.61793","41.834734000000005,-87.625813",3.6166666666666663,1494751500,32.0,167,
264,Broadway & Berwyn Ave,2.8,"41.97799665,-87.66804711|41.978353000000006,-87.65975300000001","41.97799665,-87.66804711","41.978353000000006,-87.65975300000001",3.183333333333333,1494955110,57.0,166,
536,Sheffield Ave & Wellington Ave,3.35,"41.935733,-87.663576|41.936265999999996,-87.652662","41.935733,-87.663576","41.936265999999996,-87.652662",3.8333333333333335,1494836340,38.0,166,
2796,Canal St & Adams St,10.15,"41.88389277,-87.62464914|41.879255,-87.639904","41.88389277,-87.62464914","41.879255,-87.639904",9.816666666666666,1495039800,30.0,165,
7924,Streeter Dr & Grand Ave,20.133333333333333,"41.926277,-87.630834|41.892278000000005,-87.612043","41.926277,-87.630834","41.892278000000005,-87.612043",19.933333333333334,1495192800,47.5,165,
597,University Ave & 57th St,5.116666666666666,"41.78509715,-87.60107276|41.791478000000005,-87.599861","41.78509715,-87.60107276","41.791478000000005,-87.599861",3.9166666666666665,1494930600,33.0,164,
17,Clark St & Berwyn Ave,5.066666666666666,"41.978353000000006,-87.65975300000001|41.97799665,-87.66804711","41.978353000000006,-87.65975300000001","41.97799665,-87.66804711",3.4166666666666665,1495053180,28.0,160,
102,Clinton St & Jackson Blvd,5.8,"41.88917683,-87.63850577|41.878534,-87.640978","41.88917683,-87.63850577","41.878534,-87.640978",6.466666666666668,1494608460,42.0,159,
3263,Southport Ave & Wrightwood Ave,4.766666666666667,"41.92560188,-87.65370804|41.928773,-87.663913","41.92560188,-87.65370804","41.928773,-87.663913",5.041666666666666,1494958020,35.0,152,
2260,Streeter Dr & Grand Ave,31.066666666666666,"41.880958,-87.616743|41.892278000000005,-87.612043","41.880958,-87.616743","41.892278000000005,-87.612043",11.683333333333335,1495717920,34.0,151,
2259,Fort Dearborn Dr & 31st St,11.883333333333333,"41.856268,-87.613348|41.838556,-87.60821800000001","41.856268,-87.613348","41.838556,-87.60821800000001",12.816666666666665,1495396200,30.5,148,
398,Sheffield Ave & Fullerton Ave,4.166666666666667,"41.928773,-87.663913|41.92560188,-87.65370804","41.928773,-87.663913","41.92560188,-87.65370804",4.6,1495006740,30.0,145,
575,Lake Shore Dr & North Blvd,9.583333333333334,"41.892278000000005,-87.612043|41.911722,-87.626804","41.892278000000005,-87.612043","41.911722,-87.626804",14.616666666666667,1495375980,31.0,145,
2410,Lake Shore Dr & Monroe St,15.15,"41.856268,-87.613348|41.880958,-87.616743","41.856268,-87.613348","41.880958,-87.616743",14.633333333333333,1495722360,40.0,144,
203,Sheffield Ave & Fullerton Ave,2.75,"41.929142999999996,-87.649077|41.92560188,-87.65370804","41.929142999999996,-87.649077","41.92560188,-87.65370804",3.25,1494919980,38.0,143,
2426,Calumet Ave & 33rd St,2.7,"41.834734000000005,-87.625813|41.8349,-87.61793","41.834734000000005,-87.625813","41.8349,-87.61793",3.983333333333333,1494631740,50.0,141,
3068,State St & Randolph St,3.9166666666666665,"41.884728,-87.61952099999999|41.8847302,-87.62773357","41.884728,-87.61952099999999","41.8847302,-87.62773357",3.8333333333333335,1494868560,33.0,141,
3499,Indiana Ave & Roosevelt Rd,4.05,"41.87785,-87.62408|41.867888,-87.623041","41.87785,-87.62408","41.867888,-87.623041",6.708333333333334,1494954840,31.0,138,
274,LaSalle St & Jackson Blvd,6.25,"41.883379999999995,-87.64116999999999|41.878170000000004,-87.631985","41.883379999999995,-87.64116999999999","41.878170000000004,-87.631985",6.166666666666668,1494834420,33.0,137,
168,Clinton St & Madison St,6.033333333333332,"41.877749,-87.649633|41.882242,-87.64106600000001","41.877749,-87.649633","41.882242,-87.64106600000001",6.183333333333334,1495009860,40.0,137,
18822,Fort Dearborn Dr & 31st St,20.15,"41.842052,-87.617|41.838556,-87.60821800000001","41.842052,-87.617","41.838556,-87.60821800000001",8.966666666666667,1495139040,36.5,137,
2011,Sheridan Rd & Noyes St (NU),3.933333333333333,"42.050491,-87.677821|42.058239,-87.677432","42.050491,-87.677821","42.058239,-87.677432",4.266666666666667,1494900240,34.0,136,
3728,Clinton St & Madison St,11.716666666666667,"41.88389277,-87.62464914|41.882242,-87.64106600000001","41.88389277,-87.62464914","41.882242,-87.64106600000001",9.016666666666667,1494955320,34.0,135,
318,Canal St & Madison St,7.0,"41.88389277,-87.62464914|41.882090999999996,-87.639833","41.88389277,-87.62464914","41.882090999999996,-87.639833",7.5,1494958200,41.5,135,
798,LaSalle St & Jackson Blvd,6.133333333333334,"41.882242,-87.64106600000001|41.878170000000004,-87.631985","41.882242,-87.64106600000001","41.878170000000004,-87.631985",5.75,1495003560,31.0,135,
2198,Southport Ave & Wellington Ave,3.6666666666666665,"41.936265999999996,-87.652662|41.935733,-87.663576","41.936265999999996,-87.652662","41.935733,-87.663576",3.983333333333333,1494869850,31.5,132,
165,Hampden Ct & Diversey Pkwy,3.466666666666667,"41.932418,-87.65270500000001|41.93262,-87.642385","41.932418,-87.65270500000001","41.93262,-87.642385",4.1,1494872010,40.0,130,
3290,Canal St & Adams St,9.666666666666666,"41.886024,-87.624117|41.879255,-87.639904","41.886024,-87.624117","41.879255,-87.639904",11.15,1494953280,37.0,129,
3675,Pine Grove Ave & Irving Park Rd,2.816666666666667,"41.954245,-87.65440600000001|41.954383,-87.648043","41.954245,-87.65440600000001","41.954383,-87.648043",3.0250000000000004,1495037520,28.0,128,
6127,Theater on the Lake,11.8,"41.90096039,-87.62377664|41.926277,-87.630834","41.90096039,-87.62377664","41.926277,-87.630834",15.008333333333333,1494965370,57.0,128,
3336,Canal St & Adams St,13.8,"41.884728,-87.61952099999999|41.879255,-87.639904","41.884728,-87.61952099999999","41.879255,-87.639904",12.191666666666665,1494865470,33.0,128,
2268,Ellis Ave & 60th St,3.8,"41.791478000000005,-87.599861|41.78509715,-87.60107276","41.791478000000005,-87.599861","41.78509715,-87.60107276",3.983333333333333,1494687960,43.0,127,
2934,Michigan Ave & 18th St,8.533333333333333,"41.867227,-87.625961|41.857813,-87.62455","41.867227,-87.625961","41.857813,-87.62455",4.916666666666667,1494957600,36.0,127,
2075,Clinton St & Washington Blvd,9.883333333333333,"41.894448,-87.622663|41.883379999999995,-87.64116999999999","41.894448,-87.622663","41.883379999999995,-87.64116999999999",12.033333333333333,1495036920,39.5,127,
2347,Streeter Dr & Grand Ave,18.216666666666665,"41.911722,-87.626804|41.892278000000005,-87.612043","41.911722,-87.626804","41.892278000000005,-87.612043",13.416666666666664,1495364820,27.0,125,
2112,Sheffield Ave & Fullerton Ave,3.0,"41.928886999999996,-87.658971|41.92560188,-87.65370804","41.928886999999996,-87.658971","41.92560188,-87.65370804",3.3833333333333333,1495025460,48.0,125,
791,Kingsbury St & Kinzie St,3.1166666666666667,"41.893882,-87.641711|41.88917683,-87.63850577","41.893882,-87.641711","41.88917683,-87.63850577",3.1,1494870240,32.0,125,
2769,Clinton St & Washington Blvd,10.0,"41.886024,-87.624117|41.883379999999995,-87.64116999999999","41.886024,-87.624117","41.883379999999995,-87.64116999999999",8.55,1494608760,31.5,125,
2975,Canal St & Madison St,7.866666666666666,"41.878170000000004,-87.631985|41.882090999999996,-87.639833","41.878170000000004,-87.631985","41.882090999999996,-87.639833",5.366666666666666,1494949710,50.0,124,
3797,Damen Ave & Division St,2.783333333333333,"41.90345,-87.66774699999999|41.90331,-87.67695","41.90345,-87.66774699999999","41.90331,-87.67695",3.15,1494877020,27.0,122,
915,Millennium Park,6.466666666666668,"41.867888,-87.623041|41.8810317,-87.62408432","41.867888,-87.623041","41.8810317,-87.62408432",8.875,1494924450,34.0,122,
64,Larrabee St & Kingsbury St,10.766666666666667,"41.879255,-87.639904|41.897764,-87.642884","41.879255,-87.639904","41.897764,-87.642884",10.766666666666667,1494916440,41.0,121,
4792,Kingsbury St & Erie St,3.066666666666667,"41.88917683,-87.63850577|41.893882,-87.641711","41.88917683,-87.63850577","41.893882,-87.641711",3.033333333333333,1495025850,35.0,120,
2753,Halsted St & Wrightwood Ave,3.216666666666667,"41.92560188,-87.65370804|41.929142999999996,-87.649077","41.92560188,-87.65370804","41.929142999999996,-87.649077",3.3833333333333333,1495028940,35.0,119,
662,Wacker Dr & Washington St,6.966666666666668,"41.88389277,-87.62464914|41.88327159,-87.63731329","41.88389277,-87.62464914","41.88327159,-87.63731329",6.741666666666667,1494953910,39.5,118,
3332,Clinton St & Madison St,9.266666666666667,"41.886024,-87.624117|41.882242,-87.64106600000001","41.886024,-87.624117","41.882242,-87.64106600000001",9.158333333333333,1494908100,31.0,118,
249,Morgan St & Lake St,4.433333333333334,"41.883379999999995,-87.64116999999999|41.88548331,-87.65230486","41.883379999999995,-87.64116999999999","41.88548331,-87.65230486",5.441666666666666,1494921000,37.0,118,
6980,Streeter Dr & Grand Ave,4.383333333333334,"41.892278000000005,-87.612043|41.892278000000005,-87.612043","41.892278000000005,-87.612043","41.892278000000005,-87.612043",12.908333333333333,1495445430,37.0,118,
1617,Canal St & Adams St,6.45,"41.87947235,-87.62568861|41.879255,-87.639904","41.87947235,-87.62568861","41.879255,-87.639904",5.741666666666667,1494907050,39.0,118,
5999,Lake Shore Dr & Monroe St,31.066666666666666,"41.892278000000005,-87.612043|41.880958,-87.616743","41.892278000000005,-87.612043","41.880958,-87.616743",10.441666666666666,1495766340,45.0,118,
2732,Sheridan Rd & Montrose Ave,6.333333333333332,"41.954245,-87.65440600000001|41.96167,-87.65464","41.954245,-87.65440600000001","41.96167,-87.65464",4.15,1494950820,32.0,117,
7673,MLK Jr Dr & 29th St,10.566666666666666,"41.842052,-87.617|41.842052,-87.617","41.842052,-87.617","41.842052,-87.617",8.466666666666667,1495184040,36.0,117,
1982,Damen Ave & Pierce Ave,4.016666666666667,"41.899714,-87.677234|41.90939601,-87.67769193","41.899714,-87.677234","41.90939601,-87.67769193",4.35,1494915720,34.0,117,
2700,Desplaines St & Kinzie St,5.1,"41.88917683,-87.63850577|41.88871604,-87.64444785","41.88917683,-87.63850577","41.88871604,-87.64444785",2.933333333333333,1494911700,34.0,116,
248,Damen Ave & Pierce Ave,2.1333333333333333,"41.90331,-87.67695|41.90939601,-87.67769193","41.90331,-87.67695","41.90939601,-87.67769193",2.85,1494854820,39.0,116,
1205,Michigan Ave & Washington St,8.7,"41.880317,-87.63518499999999|41.88389277,-87.62464914","41.880317,-87.63518499999999","41.88389277,-87.62464914",7.033333333333332,1494982410,34.0,114,
3269,Kimbark Ave & 53rd St,8.316666666666666,"41.791478000000005,-87.599861|41.799568,-87.594747","41.791478000000005,-87.599861","41.799568,-87.594747",5.85,1494874740,30.0,113,
641,Sheridan Rd & Irving Park Rd,2.716666666666667,"41.954383,-87.648043|41.954245,-87.65440600000001","41.954383,-87.648043","41.954245,-87.65440600000001",3.1166666666666667,1495011420,27.0,111,
494,California Ave & Milwaukee Ave,4.5,"41.921525,-87.70732199999999|41.922695000000004,-87.697153","41.921525,-87.70732199999999","41.922695000000004,-87.697153",4.583333333333333,1494836940,37.0,111,
5037,State St & 33rd St,3.95,"41.838842,-87.62185699999999|41.834734000000005,-87.625813","41.838842,-87.62185699999999","41.834734000000005,-87.625813",4.616666666666666,1495115610,30.5,110,
3410,Clinton St & Madison St,10.75,"41.884728,-87.61952099999999|41.882242,-87.64106600000001","41.884728,-87.61952099999999","41.882242,-87.64106600000001",9.925,1494564930,30.0,110,
1284,Green St & Madison St,3.783333333333333,"41.882242,-87.64106600000001|41.881892,-87.64878900000001","41.882242,-87.64106600000001","41.881892,-87.64878900000001",3.6666666666666665,1494920400,30.0,109,
1334,Clinton St & Jackson Blvd,3.45,"41.877749,-87.649633|41.878534,-87.640978","41.877749,-87.649633","41.878534,-87.640978",3.8666666666666663,1495009200,27.0,109,
3613,Damen Ave & Augusta Blvd,4.233333333333333,"41.90939601,-87.67769193|41.899714,-87.677234","41.90939601,-87.67769193","41.899714,-87.677234",4.333333333333333,1494862770,26.0,108,
537,Wilton Ave & Diversey Pkwy,4.55,"41.929546,-87.643118|41.932418,-87.65270500000001","41.929546,-87.643118","41.932418,-87.65270500000001",4.775,1495050630,40.0,108,
146,Columbus Dr & Randolph St,10.833333333333336,"41.883379999999995,-87.64116999999999|41.884728,-87.61952099999999","41.883379999999995,-87.64116999999999","41.884728,-87.61952099999999",10.908333333333333,1494921000,40.0,108,
3190,Canal St & Madison St,5.05,"41.88131982,-87.62952092|41.882090999999996,-87.639833","41.88131982,-87.62952092","41.882090999999996,-87.639833",4.541666666666666,1494865650,43.0,108,
3196,Canal St & Adams St,10.2,"41.897764,-87.642884|41.879255,-87.639904","41.897764,-87.642884","41.879255,-87.639904",10.975,1494952710,21.0,106,
2153,Wabash Ave & Roosevelt Rd,3.75,"41.860384,-87.625813|41.867227,-87.625961","41.860384,-87.625813","41.867227,-87.625961",3.583333333333333,1494856560,33.0,106,
4144,Racine Ave & Wrightwood Ave,4.483333333333333,"41.92560188,-87.65370804|41.928886999999996,-87.658971","41.92560188,-87.65370804","41.928886999999996,-87.658971",3.675,1494912180,40.0,104,
1551,Kingsbury St & Kinzie St,13.833333333333336,"41.878534,-87.640978|41.88917683,-87.63850577","41.878534,-87.640978","41.88917683,-87.63850577",7.791666666666666,1494806220,30.0,104,
5876,Michigan Ave & Washington St,8.75,"41.880884,-87.639525|41.88389277,-87.62464914","41.880884,-87.639525","41.88389277,-87.62464914",8.266666666666666,1495096770,36.0,104,
3233,Sheridan Rd & Buena Ave,2.4166666666666665,"41.954245,-87.65440600000001|41.958494,-87.654966","41.954245,-87.65440600000001","41.958494,-87.654966",2.7583333333333333,1494972270,48.0,104,
183,Wells St & Huron St,6.433333333333334,"41.883379999999995,-87.64116999999999|41.894729,-87.634371","41.883379999999995,-87.64116999999999","41.894729,-87.634371",9.366666666666667,1494836700,38.0,103,
909,Wilton Ave & Belmont Ave,2.7666666666666666,"41.940106,-87.645451|41.94018,-87.65304","41.940106,-87.645451","41.94018,-87.65304",3.1,1494930300,39.0,102,
603,Franklin St & Jackson Blvd,5.033333333333333,"41.882242,-87.64106600000001|41.87770796,-87.63532114","41.882242,-87.64106600000001","41.87770796,-87.63532114",4.75,1494924660,28.0,102,
1374,Sheridan Rd & Irving Park Rd,2.55,"41.958494,-87.654966|41.954245,-87.65440600000001","41.958494,-87.654966","41.954245,-87.65440600000001",2.525,1495052760,27.0,102,
355,Damen Ave & Pierce Ave,2.95,"41.907781,-87.685854|41.90939601,-87.67769193","41.907781,-87.685854","41.90939601,-87.67769193",3.3,1494917820,32.0,101,
1317,Columbus Dr & Randolph St,8.233333333333333,"41.88327159,-87.63731329|41.884728,-87.61952099999999","41.88327159,-87.63731329","41.884728,-87.61952099999999",9.083333333333332,1495011150,33.0,100,
3340,Lakefront Trail & Bryn Mawr Ave,23.516666666666666,"41.926277,-87.630834|41.984036700000004,-87.65231047","41.926277,-87.630834","41.984036700000004,-87.65231047",24.84166666666667,1495024980,34.0,100,
490,Clinton St & Madison St,6.1,"41.87500914,-87.63310582|41.882242,-87.64106600000001","41.87500914,-87.63310582","41.882242,-87.64106600000001",6.708333333333334,1494923280,36.0,100,
2897,Clinton St & Jackson Blvd,14.166666666666664,"41.869153999999995,-87.67104499999999|41.878534,-87.640978","41.869153999999995,-87.67104499999999","41.878534,-87.640978",15.6,1494952560,32.0,99,
2997,Michigan Ave & Washington St,5.5,"41.882664,-87.63253|41.88389277,-87.62464914","41.882664,-87.63253","41.88389277,-87.62464914",4.55,1494922680,30.0,99,
1936,Canal St & Madison St,8.85,"41.886024,-87.624117|41.882090999999996,-87.639833","41.886024,-87.624117","41.882090999999996,-87.639833",9.066666666666666,1494607320,33.0,99,
3171,Canal St & Adams St,8.433333333333334,"41.893882,-87.641711|41.879255,-87.639904","41.893882,-87.641711","41.879255,-87.639904",8.9,1494957060,33.0,99,
148,Clinton St & Washington Blvd,5.533333333333332,"41.893882,-87.641711|41.883379999999995,-87.64116999999999","41.893882,-87.641711","41.883379999999995,-87.64116999999999",6.583333333333332,1494922260,25.0,97,
3259,Canal St & Adams St,12.266666666666667,"41.893992,-87.62931800000001|41.879255,-87.639904","41.893992,-87.62931800000001","41.879255,-87.639904",11.766666666666667,1494868440,48.5,97,
2760,Michigan Ave & Oak St,10.766666666666667,"41.926277,-87.630834|41.90096039,-87.62377664","41.926277,-87.630834","41.90096039,-87.62377664",14.25,1495092780,33.0,97,
2297,Chicago Ave & Sheridan Rd,5.133333333333334,"42.058239,-87.677432|42.050491,-87.677821","42.058239,-87.677432","42.050491,-87.677821",4.516666666666667,1494933450,45.0,96,
1162,Burnham Harbor,19.916666666666668,"41.856268,-87.613348|41.856268,-87.613348","41.856268,-87.613348","41.856268,-87.613348",18.700000000000006,1495385940,35.0,96,
2831,Clinton St & Washington Blvd,7.966666666666668,"41.894729,-87.634371|41.883379999999995,-87.64116999999999","41.894729,-87.634371","41.883379999999995,-87.64116999999999",8.399999999999999,1494864840,29.5,96,
809,State St & Van Buren St,3.683333333333333,"41.87770796,-87.63532114|41.877181,-87.627844","41.87770796,-87.63532114","41.877181,-87.627844",3.716666666666667,1494921420,39.0,96,
12773,Calumet Ave & 33rd St,22.63333333333333,"41.842052,-87.617|41.8349,-87.61793","41.842052,-87.617","41.8349,-87.61793",4.883333333333333,1495122600,39.0,96,
647,Clark St & Randolph St,5.216666666666667,"41.884728,-87.61952099999999|41.88457623,-87.63188991","41.884728,-87.61952099999999","41.88457623,-87.63188991",5.433333333333334,1495012110,26.5,96,
1091,Clinton St & Madison St,2.2,"41.885637,-87.641823|41.882242,-87.64106600000001","41.885637,-87.641823","41.882242,-87.64106600000001",2.216666666666667,1494759120,51.0,95,
3453,Clinton St & Madison St,10.883333333333333,"41.878170000000004,-87.631985|41.882242,-87.64106600000001","41.878170000000004,-87.631985","41.882242,-87.64106600000001",6.15,1494864180,49.0,95,
2879,MLK Jr Dr & 29th St,3.75,"41.8349,-87.61793|41.842052,-87.617","41.8349,-87.61793","41.842052,-87.617",5.058333333333334,1495016790,30.0,94,
38,Clinton St & Madison St,4.716666666666667,"41.88917683,-87.63850577|41.882242,-87.64106600000001","41.88917683,-87.63850577","41.882242,-87.64106600000001",4.725,1494908010,60.0,94,
1814,University Ave & 57th St,6.666666666666668,"41.799568,-87.594747|41.791478000000005,-87.599861","41.799568,-87.594747","41.791478000000005,-87.599861",6.433333333333334,1494930120,29.5,93,
238,Kingsbury St & Kinzie St,4.4,"41.882242,-87.64106600000001|41.88917683,-87.63850577","41.882242,-87.64106600000001","41.88917683,-87.63850577",5.85,1495041660,26.0,93,
1746,Ellis Ave & 60th St,5.3,"41.79430062,-87.60144977|41.78509715,-87.60107276","41.79430062,-87.60144977","41.78509715,-87.60107276",4.541666666666666,1495079130,31.0,92,
321,Peoria St & Jackson Blvd,4.083333333333333,"41.882242,-87.64106600000001|41.877749,-87.649633","41.882242,-87.64106600000001","41.877749,-87.649633",5.658333333333332,1495011030,43.0,92,
819,California Ave & Milwaukee Ave,5.75,"41.91751339,-87.70180896|41.922695000000004,-87.697153","41.91751339,-87.70180896","41.922695000000004,-87.697153",4.425000000000002,1494940410,39.0,92,
2211,Burnham Harbor,16.816666666666666,"41.880958,-87.616743|41.856268,-87.613348","41.880958,-87.616743","41.856268,-87.613348",15.666666666666664,1495386540,31.5,91,
501,Sheridan Rd & Irving Park Rd,5.066666666666666,"41.957879,-87.649519|41.954245,-87.65440600000001","41.957879,-87.649519","41.954245,-87.65440600000001",4.066666666666666,1494868740,27.0,91,
3373,Financial Pl & Congress Pkwy,4.966666666666667,"41.882242,-87.64106600000001|41.87500914,-87.63310582","41.882242,-87.64106600000001","41.87500914,-87.63310582",7.3,1494954840,31.0,91,
307,Rush St & Hubbard St,7.85,"41.883379999999995,-87.64116999999999|41.890011,-87.626293","41.883379999999995,-87.64116999999999","41.890011,-87.626293",8.683333333333334,1494837180,36.0,91,
3323,Broadway & Belmont Ave,3.95,"41.94018,-87.65304|41.940106,-87.645451","41.94018,-87.65304","41.940106,-87.645451",3.316666666666667,1495040700,43.0,91,
3753,Clarendon Ave & Gordon Ter,3.1333333333333333,"41.954245,-87.65440600000001|41.957879,-87.649519","41.954245,-87.65440600000001","41.957879,-87.649519",3.5250000000000004,1494952080,24.0,90,
3941,Kingsbury St & Kinzie St,2.333333333333333,"41.88871604,-87.64444785|41.88917683,-87.63850577","41.88871604,-87.64444785","41.88917683,-87.63850577",2.8666666666666667,1494769200,47.0,90,
699,Larrabee St & Kingsbury St,3.45,"41.896776,-87.635633|41.897764,-87.642884","41.896776,-87.635633","41.897764,-87.642884",3.35,1495008120,43.0,90,
2500,Indiana Ave & Roosevelt Rd,8.05,"41.8810317,-87.62408432|41.867888,-87.623041","41.8810317,-87.62408432","41.867888,-87.623041",8.85,1495060560,64.0,89,
592,Kingsbury St & Kinzie St,8.7,"41.879255,-87.639904|41.88917683,-87.63850577","41.879255,-87.639904","41.88917683,-87.63850577",7.6,1494914520,34.0,89,
1981,Orleans St & Merchandise Mart Plaza,6.05,"41.883379999999995,-87.64116999999999|41.888243,-87.63639","41.883379999999995,-87.64116999999999","41.888243,-87.63639",6.883333333333334,1494951960,30.0,89,
4618,MLK Jr Dr & 29th St,6.55,"41.838842,-87.62185699999999|41.842052,-87.617","41.838842,-87.62185699999999","41.842052,-87.617",4.783333333333333,1495127640,35.0,89,
1203,Kedzie Ave & Palmer Ct,4.616666666666666,"41.922695000000004,-87.697153|41.921525,-87.70732199999999","41.922695000000004,-87.697153","41.921525,-87.70732199999999",4.633333333333334,1494628800,26.0,89,
3038,Benson Ave & Church St,6.033333333333332,"42.052939,-87.673447|42.048214,-87.683485","42.052939,-87.673447","42.048214,-87.683485",6.183333333333334,1494865020,49.5,89,
808,Franklin St & Jackson Blvd,3.55,"41.877181,-87.627844|41.87770796,-87.63532114","41.877181,-87.627844","41.87770796,-87.63532114",3.55,1494867060,37.5,89,
1432,Sedgwick St & North Ave,3.5166666666666666,"41.918306,-87.636282|41.911386,-87.638677","41.918306,-87.636282","41.911386,-87.638677",4.016666666666667,1494878460,48.0,89,
4590,Wabash Ave & Grand Ave,2.7666666666666666,"41.89186,-87.62062|41.891738000000004,-87.626937","41.89186,-87.62062","41.891738000000004,-87.626937",2.6083333333333334,1494990900,27.0,88,
1309,Sheridan Rd & Irving Park Rd,5.616666666666666,"41.96167,-87.65464|41.954245,-87.65440600000001","41.96167,-87.65464","41.954245,-87.65440600000001",4.716666666666667,1495042950,38.0,88,
1323,Michigan Ave & Washington St,8.983333333333333,"41.882242,-87.64106600000001|41.88389277,-87.62464914","41.882242,-87.64106600000001","41.88389277,-87.62464914",8.233333333333334,1494935790,33.0,88,
3661,Lake Park Ave & 56th St,5.133333333333334,"41.791478000000005,-87.599861|41.793242,-87.58778199999999","41.791478000000005,-87.599861","41.793242,-87.58778199999999",4.75,1494949890,32.0,88,
412,Canal St & Adams St,8.7,"41.88917683,-87.63850577|41.879255,-87.639904","41.88917683,-87.63850577","41.879255,-87.639904",6.816666666666666,1494950580,35.0,88,
604,Rockwell St & Eastwood Ave,3.183333333333333,"41.96152593,-87.69116504|41.96590014,-87.69363849","41.96152593,-87.69116504","41.96590014,-87.69363849",2.8666666666666667,1494836670,31.5,88,
4038,Clark St & Wrightwood Ave,4.433333333333334,"41.932418,-87.65270500000001|41.929546,-87.643118","41.932418,-87.65270500000001","41.929546,-87.643118",5.183333333333334,1495126560,38.0,87,
790,University Ave & 57th St,8.3,"41.793242,-87.58778199999999|41.791478000000005,-87.599861","41.793242,-87.58778199999999","41.791478000000005,-87.599861",5.05,1494852960,41.0,87,
859,Indiana Ave & 31st St,4.383333333333334,"41.842052,-87.617|41.838842,-87.62185699999999","41.842052,-87.617","41.838842,-87.62185699999999",4.483333333333333,1494986730,34.5,86,
743,Morgan St & Polk St,4.0,"41.872187,-87.661501|41.871736999999996,-87.65103","41.872187,-87.661501","41.871736999999996,-87.65103",5.066666666666666,1495246920,43.0,86,
598,University Library (NU),4.95,"42.048214,-87.683485|42.052939,-87.673447","42.048214,-87.683485","42.052939,-87.673447",5.866666666666667,1494921390,48.0,86,
4548,Damen Ave & Division St,2.966666666666667,"41.90939601,-87.67769193|41.90331,-87.67695","41.90939601,-87.67769193","41.90331,-87.67695",3.033333333333333,1495128630,31.5,86,
16826,Lake Shore Dr & North Blvd,21.88333333333333,"41.926277,-87.630834|41.911722,-87.626804","41.926277,-87.630834","41.911722,-87.626804",13.3,1495370340,43.0,85,
139,Clinton St & Madison St,2.5,"41.878534,-87.640978|41.882242,-87.64106600000001","41.878534,-87.640978","41.882242,-87.64106600000001",2.816666666666667,1494620580,30.0,85,
310,LaSalle St & Washington St,6.25,"41.883379999999995,-87.64116999999999|41.882664,-87.63253","41.883379999999995,-87.64116999999999","41.882664,-87.63253",4.683333333333334,1494832740,30.5,85,
7108,Broadway & Barry Ave,21.05,"41.94018,-87.65304|41.937725,-87.644095","41.94018,-87.65304","41.937725,-87.644095",4.666666666666667,1495132500,39.0,85,
1042,Canal St & Adams St,9.8,"41.88602083,-87.63087606|41.879255,-87.639904","41.88602083,-87.63087606","41.879255,-87.639904",7.241666666666667,1495034490,33.5,84,
1703,Clinton St & Washington Blvd,8.166666666666666,"41.88457623,-87.63188991|41.883379999999995,-87.64116999999999","41.88457623,-87.63188991","41.883379999999995,-87.64116999999999",4.824999999999998,1494934080,31.0,84,
3181,Benson Ave & Church St,7.066666666666666,"42.058239,-87.677432|42.048214,-87.683485","42.058239,-87.677432","42.048214,-87.683485",6.65,1494869940,42.0,83,
1451,Clinton St & Tilden St,4.25,"41.882242,-87.64106600000001|41.875885,-87.640795","41.882242,-87.64106600000001","41.875885,-87.640795",4.35,1494922980,36.5,83,
466,Kingsbury St & Kinzie St,4.783333333333333,"41.883379999999995,-87.64116999999999|41.88917683,-87.63850577","41.883379999999995,-87.64116999999999","41.88917683,-87.63850577",5.433333333333334,1494869220,30.0,83,
1578,Theater on the Lake,14.733333333333333,"41.926277,-87.630834|41.926277,-87.630834","41.926277,-87.630834","41.926277,-87.630834",20.133333333333333,1495116420,28.0,83,
1640,Daley Center Plaza,4.383333333333334,"41.88327159,-87.63731329|41.884240999999996,-87.629634","41.88327159,-87.63731329","41.884240999999996,-87.629634",4.383333333333334,1494863520,37.5,83,
1006,Daley Center Plaza,8.433333333333334,"41.87207763,-87.62954377|41.884240999999996,-87.629634","41.87207763,-87.62954377","41.884240999999996,-87.629634",7.933333333333334,1494845040,29.0,83,
5002,Marshfield Ave & Cortland St,3.883333333333333,"41.916027,-87.67741099999999|41.916017,-87.668879","41.916027,-87.67741099999999","41.916017,-87.668879",3.3583333333333334,1494969240,32.0,82,
1315,Wilton Ave & Belmont Ave,3.9,"41.943670000000004,-87.64895|41.94018,-87.65304","41.943670000000004,-87.64895","41.94018,-87.65304",3.5666666666666664,1494923100,27.5,82,
2558,Loomis St & Lexington St,3.95,"41.871736999999996,-87.65103|41.872187,-87.661501","41.871736999999996,-87.65103","41.872187,-87.661501",5.258333333333333,1495303650,52.0,82,
105,Theater on the Lake,21.08333333333333,"41.984036700000004,-87.65231047|41.926277,-87.630834","41.984036700000004,-87.65231047","41.926277,-87.630834",24.1,1495337250,28.0,82,
4134,Halsted St & Roscoe St,3.1,"41.94018,-87.65304|41.943670000000004,-87.64895","41.94018,-87.65304","41.943670000000004,-87.64895",3.566666666666667,1494870600,31.0,82,
3426,Ravenswood Ave & Balmoral Ave,4.95,"41.96909,-87.674237|41.97977022,-87.67581473","41.96909,-87.674237","41.97977022,-87.67581473",5.441666666666666,1495042920,33.0,82,
627,Wabash Ave & Roosevelt Rd,4.616666666666666,"41.857813,-87.62455|41.867227,-87.625961","41.857813,-87.62455","41.867227,-87.625961",4.8,1494991380,38.0,82,
3160,Western Ave & Division St,7.916666666666668,"41.90345,-87.66774699999999|41.902893,-87.687275","41.90345,-87.66774699999999","41.902893,-87.687275",6.908333333333332,1494954240,32.0,82,
1193,Clinton St & Madison St,4.633333333333334,"41.88871604,-87.64444785|41.882242,-87.64106600000001","41.88871604,-87.64444785","41.882242,-87.64106600000001",4.85,1495009980,36.0,81,
85,Wilton Ave & Belmont Ave,5.35,"41.937725,-87.644095|41.94018,-87.65304","41.937725,-87.644095","41.94018,-87.65304",4.833333333333333,1495090380,47.0,81,
6170,Montrose Harbor,17.066666666666666,"41.926277,-87.630834|41.963982,-87.638181","41.926277,-87.630834","41.963982,-87.638181",23.18333333333333,1495305720,33.0,81,
269,Wilton Ave & Diversey Pkwy,3.0166666666666666,"41.929142999999996,-87.649077|41.932418,-87.65270500000001","41.929142999999996,-87.649077","41.932418,-87.65270500000001",2.625,1495155480,33.0,80,
2718,Clinton St & Washington Blvd,3.6,"41.88917683,-87.63850577|41.883379999999995,-87.64116999999999","41.88917683,-87.63850577","41.883379999999995,-87.64116999999999",4.25,1494869310,28.0,80,
2255,Federal St & Polk St,7.6,"41.88131982,-87.62952092|41.87207763,-87.62954377","41.88131982,-87.62952092","41.87207763,-87.62954377",6.966666666666668,1494603660,33.0,79,
1933,Clinton St & Washington Blvd,8.333333333333334,"41.890011,-87.626293|41.883379999999995,-87.64116999999999","41.890011,-87.626293","41.883379999999995,-87.64116999999999",9.133333333333333,1494942780,36.0,78,
2952,Canal St & Madison St,4.1,"41.87934437,-87.63198522|41.882090999999996,-87.639833","41.87934437,-87.63198522","41.882090999999996,-87.639833",4.6083333333333325,1495123740,48.0,78,
3099,Canal St & Madison St,5.716666666666668,"41.888243,-87.63639|41.882090999999996,-87.639833","41.888243,-87.63639","41.882090999999996,-87.639833",5.358333333333333,1494877470,30.0,78,
555,Columbus Dr & Randolph St,11.666666666666664,"41.879255,-87.639904|41.884728,-87.61952099999999","41.879255,-87.639904","41.884728,-87.61952099999999",11.541666666666668,1494852270,52.0,78,
486,Michigan Ave & Lake St,8.733333333333333,"41.883379999999995,-87.64116999999999|41.886024,-87.624117","41.883379999999995,-87.64116999999999","41.886024,-87.624117",8.791666666666668,1494530460,28.0,78,
3739,Claremont Ave & Hirsch St,2.55,"41.90939601,-87.67769193|41.907781,-87.685854","41.90939601,-87.67769193","41.907781,-87.685854",3.4833333333333334,1495129920,42.0,78,
2839,Clinton St & Washington Blvd,6.05,"41.88548331,-87.65230486|41.883379999999995,-87.64116999999999","41.88548331,-87.65230486","41.883379999999995,-87.64116999999999",5.3583333333333325,1494914010,40.0,78,
360,Franklin St & Monroe St,4.366666666666666,"41.87785,-87.62408|41.880317,-87.63518499999999","41.87785,-87.62408","41.880317,-87.63518499999999",5.491666666666667,1494838950,34.0,78,
2250,Canal St & Madison St,4.633333333333334,"41.882664,-87.63253|41.882090999999996,-87.639833","41.882664,-87.63253","41.882090999999996,-87.639833",3.683333333333333,1494954300,27.5,77,
6291,Lakefront Trail & Bryn Mawr Ave,10.966666666666667,"41.963982,-87.638181|41.984036700000004,-87.65231047","41.963982,-87.638181","41.984036700000004,-87.65231047",14.466666666666667,1495654260,26.0,77,
5545,Greenview Ave & Fullerton Ave,5.816666666666666,"41.92560188,-87.65370804|41.925329999999995,-87.6658","41.92560188,-87.65370804","41.925329999999995,-87.6658",4.416666666666667,1495039860,33.0,77,
61,St. Clair St & Erie St,11.533333333333333,"41.879255,-87.639904|41.894448,-87.622663","41.879255,-87.639904","41.894448,-87.622663",12.416666666666664,1494839040,44.0,77,
3720,Wood St & Division St,1.8166666666666669,"41.90345,-87.66774699999999|41.90332,-87.67273","41.90345,-87.66774699999999","41.90332,-87.67273",1.85,1494857400,32.5,77,
901,Michigan Ave & Lake St,11.183333333333335,"41.879255,-87.639904|41.886024,-87.624117","41.879255,-87.639904","41.886024,-87.624117",9.95,1494573060,38.0,77,
3377,Canal St & Adams St,3.95,"41.885637,-87.641823|41.879255,-87.639904","41.885637,-87.641823","41.879255,-87.639904",3.816666666666667,1495039140,39.0,77,
4059,Humboldt Blvd & Armitage Ave,3.933333333333333,"41.922695000000004,-87.697153|41.91751339,-87.70180896","41.922695000000004,-87.697153","41.91751339,-87.70180896",4.433333333333334,1495134090,42.0,76,
1974,Theater on the Lake,16.0,"41.911722,-87.626804|41.926277,-87.630834","41.911722,-87.626804","41.926277,-87.630834",12.916666666666668,1495112370,42.0,76,
822,Broadway & Barry Ave,3.3666666666666667,"41.936265999999996,-87.652662|41.937725,-87.644095","41.936265999999996,-87.652662","41.937725,-87.644095",4.4,1494872700,21.0,76,
6861,Dusable Harbor,14.433333333333335,"41.880958,-87.616743|41.88504199,-87.61279454","41.880958,-87.616743","41.88504199,-87.61279454",4.65,1495389960,29.0,76,
2105,Ellis Ave & 60th St,9.033333333333333,"41.799568,-87.594747|41.78509715,-87.60107276","41.799568,-87.594747","41.78509715,-87.60107276",9.5,1495079400,32.0,76,
55,Columbus Dr & Randolph St,9.433333333333334,"41.882090999999996,-87.639833|41.884728,-87.61952099999999","41.882090999999996,-87.639833","41.884728,-87.61952099999999",10.8,1495093110,36.0,76,
2701,MLK Jr Dr & 29th St,5.5166666666666675,"41.838556,-87.60821800000001|41.842052,-87.617","41.838556,-87.60821800000001","41.842052,-87.617",7.183333333333334,1495142160,33.0,75,
1723,Clinton St & Lake St,3.2,"41.88917683,-87.63850577|41.885637,-87.641823","41.88917683,-87.63850577","41.885637,-87.641823",3.2,1494855600,27.0,75,
2380,Clark St & Armitage Ave,3.5166666666666666,"41.912133000000004,-87.634656|41.918306,-87.636282","41.912133000000004,-87.634656","41.918306,-87.636282",3.7,1495135380,28.0,75,
565,Ravenswood Ave & Lawrence Ave,3.0,"41.968885,-87.684001|41.96909,-87.674237","41.968885,-87.684001","41.96909,-87.674237",4.033333333333333,1494836820,35.0,75,
3476,Canal St & Adams St,11.866666666666667,"41.894448,-87.622663|41.879255,-87.639904","41.894448,-87.622663","41.879255,-87.639904",13.966666666666667,1494864540,50.0,75,
1431,Daley Center Plaza,7.0166666666666675,"41.883379999999995,-87.64116999999999|41.884240999999996,-87.629634","41.883379999999995,-87.64116999999999","41.884240999999996,-87.629634",6.333333333333332,1495015020,33.0,75,
1174,Canal St & Madison St,5.716666666666668,"41.87935636,-87.62979104|41.882090999999996,-87.639833","41.87935636,-87.62979104","41.882090999999996,-87.639833",5.475,1494952830,36.0,74,
1639,Larrabee St & Kingsbury St,5.633333333333334,"41.88917683,-87.63850577|41.897764,-87.642884","41.88917683,-87.63850577","41.897764,-87.642884",5.2,1494957030,34.0,74,
228,Ashland Ave & Division St,5.8,"41.902893,-87.687275|41.90345,-87.66774699999999","41.902893,-87.687275","41.90345,-87.66774699999999",6.4,1494956700,41.0,73,
2276,Wilton Ave & Diversey Pkwy,4.266666666666667,"41.93262,-87.642385|41.932418,-87.65270500000001","41.93262,-87.642385","41.932418,-87.65270500000001",4.483333333333333,1494835260,30.0,73,
5434,State St & 35th St,10.083333333333334,"41.842052,-87.617|41.83104,-87.62688","41.842052,-87.617","41.83104,-87.62688",10.566666666666666,1495029120,29.0,73,
2754,Canal St & Adams St,8.583333333333334,"41.884240999999996,-87.629634|41.879255,-87.639904","41.884240999999996,-87.629634","41.879255,-87.639904",8.05,1494869100,43.0,73,
73,University Ave & 57th St,9.733333333333333,"41.802406,-87.586924|41.791478000000005,-87.599861","41.802406,-87.586924","41.791478000000005,-87.599861",10.016666666666667,1494941580,51.5,73,
156,LaSalle St & Jackson Blvd,4.9,"41.882090999999996,-87.639833|41.878170000000004,-87.631985","41.882090999999996,-87.639833","41.878170000000004,-87.631985",5.85,1494917100,34.0,73,
10430,Lake Shore Dr & Monroe St,25.466666666666665,"41.86722596,-87.61535539|41.880958,-87.616743","41.86722596,-87.61535539","41.880958,-87.616743",11.075,1495359210,50.0,72,
2472,Canal St & Madison St,6.866666666666666,"41.882134,-87.625125|41.882090999999996,-87.639833","41.882134,-87.625125","41.882090999999996,-87.639833",5.425,1494992190,57.0,72,
2274,Wells St & Concord Ln,2.85,"41.918306,-87.636282|41.912133000000004,-87.634656","41.918306,-87.636282","41.912133000000004,-87.634656",3.2333333333333334,1494982920,29.0,72,
1005,Daley Center Plaza,3.683333333333333,"41.884728,-87.61952099999999|41.884240999999996,-87.629634","41.884728,-87.61952099999999","41.884240999999996,-87.629634",4.683333333333334,1494892440,33.0,72,
314,LaSalle St & Illinois St,5.85,"41.883379999999995,-87.64116999999999|41.890755,-87.632009","41.883379999999995,-87.64116999999999","41.890755,-87.632009",7.708333333333334,1494899250,42.0,72,
231,Ravenswood Ave & Lawrence Ave,7.55,"41.97977022,-87.67581473|41.96909,-87.674237","41.97977022,-87.67581473","41.96909,-87.674237",5.541666666666666,1494922230,27.0,72,
1227,Michigan Ave & Washington St,7.933333333333334,"41.87770796,-87.63532114|41.88389277,-87.62464914","41.87770796,-87.63532114","41.88389277,-87.62464914",7.9,1494923100,46.0,71,
60,Daley Center Plaza,6.05,"41.879255,-87.639904|41.884240999999996,-87.629634","41.879255,-87.639904","41.884240999999996,-87.629634",6.9833333333333325,1494573600,50.0,71,
2284,Clinton St & Lake St,2.25,"41.882242,-87.64106600000001|41.885637,-87.641823","41.882242,-87.64106600000001","41.885637,-87.641823",2.6166666666666667,1494942900,32.5,71,
240,Clinton St & Lake St,4.4,"41.878534,-87.640978|41.885637,-87.641823","41.878534,-87.640978","41.885637,-87.641823",5.1,1494914520,32.0,71,
1134,Michigan Ave & Washington St,9.1,"41.878534,-87.640978|41.88389277,-87.62464914","41.878534,-87.640978","41.88389277,-87.62464914",10.75,1495008480,41.0,71,
684,Damen Ave & Cortland St,3.333333333333333,"41.916017,-87.668879|41.916027,-87.67741099999999","41.916017,-87.668879","41.916027,-87.67741099999999",3.216666666666667,1494971400,31.0,71,
122,Jefferson St & Monroe St,4.433333333333334,"41.88042,-87.655599|41.880421999999996,-87.642746","41.88042,-87.655599","41.880421999999996,-87.642746",4.7,1494482280,36.0,71,
62,Wood St & Taylor St,13.733333333333333,"41.878534,-87.640978|41.869153999999995,-87.67104499999999","41.878534,-87.640978","41.869153999999995,-87.67104499999999",14.341666666666667,1494585840,36.0,70,
2074,Ellis Ave & 55th St,5.616666666666666,"41.78509715,-87.60107276|41.79430062,-87.60144977","41.78509715,-87.60107276","41.79430062,-87.60144977",4.816666666666666,1494793470,54.0,70,
317,Franklin St & Monroe St,7.666666666666668,"41.88042,-87.655599|41.880317,-87.63518499999999","41.88042,-87.655599","41.880317,-87.63518499999999",7.75,1494919200,27.0,70,
668,Damen Ave & Leland Ave,3.85,"41.97561481,-87.67945904|41.967094,-87.679028","41.97561481,-87.67945904","41.967094,-87.679028",4.625,1495092180,49.0,70,
354,Pine Grove Ave & Waveland Ave,2.5166666666666666,"41.954383,-87.648043|41.949275,-87.646303","41.954383,-87.648043","41.949275,-87.646303",2.8083333333333336,1494956730,28.0,70,
4960,Sheridan Rd & Noyes St (NU),5.533333333333332,"42.048214,-87.683485|42.058239,-87.677432","42.048214,-87.683485","42.058239,-87.677432",7.116666666666666,1494844920,29.0,69,
390,Sheffield Ave & Wellington Ave,1.8333333333333333,"41.93649682,-87.64753866|41.936265999999996,-87.652662","41.93649682,-87.64753866","41.936265999999996,-87.652662",2.2,1494836880,32.0,69,
88,Clinton St & Jackson Blvd,4.466666666666667,"41.885637,-87.641823|41.878534,-87.640978","41.885637,-87.641823","41.878534,-87.640978",4.2,1494754800,35.0,69,
4847,Kingsbury St & Kinzie St,5.45,"41.897764,-87.642884|41.88917683,-87.63850577","41.897764,-87.642884","41.88917683,-87.63850577",4.783333333333333,1494965040,30.0,69,
431,McCormick Place,3.883333333333333,"41.842052,-87.617|41.85137517,-87.61883465","41.842052,-87.617","41.85137517,-87.61883465",6.216666666666668,1494957300,44.0,68,
6481,Clark St & Elm St,7.916666666666668,"41.893992,-87.62931800000001|41.902972999999996,-87.63128","41.893992,-87.62931800000001","41.902972999999996,-87.63128",5.45,1494813750,53.0,68,
2316,Clinton St & Madison St,4.916666666666667,"41.88548331,-87.65230486|41.882242,-87.64106600000001","41.88548331,-87.65230486","41.882242,-87.64106600000001",5.108333333333333,1494607320,28.0,68,
2810,Wabash Ave & Grand Ave,5.0,"41.891020000000005,-87.6173|41.891738000000004,-87.626937","41.891020000000005,-87.6173","41.891738000000004,-87.626937",4.466666666666667,1494771030,38.0,68,
2639,Canal St & Madison St,5.583333333333332,"41.87947235,-87.62568861|41.882090999999996,-87.639833","41.87947235,-87.62568861","41.882090999999996,-87.639833",6.658333333333332,1494432390,38.0,68,
586,Racine Ave (May St) & Fulton St,9.133333333333333,"41.883379999999995,-87.64116999999999|41.886926,-87.65691899999999","41.883379999999995,-87.64116999999999","41.886926,-87.65691899999999",9.133333333333333,1494833100,25.0,68,
3061,Clinton St & Madison St,8.783333333333333,"41.8847302,-87.62773357|41.882242,-87.64106600000001","41.8847302,-87.62773357","41.882242,-87.64106600000001",7.3,1494704340,43.0,67,
421,Ashland Ave & Division St,4.966666666666667,"41.899714,-87.677234|41.90345,-87.66774699999999","41.899714,-87.677234","41.90345,-87.66774699999999",4.5,1495090740,32.0,67,
5451,McClurg Ct & Erie St,5.833333333333332,"41.893992,-87.62931800000001|41.894503,-87.61785400000001","41.893992,-87.62931800000001","41.894503,-87.61785400000001",5.166666666666667,1494875820,29.0,67,
4312,Damen Ave & Chicago Ave,6.116666666666666,"41.90939601,-87.67769193|41.895769,-87.67721999999999","41.90939601,-87.67769193","41.895769,-87.67721999999999",6.466666666666668,1495020720,31.0,67,
3933,Clark St & Winnemac Ave,4.2,"41.96909,-87.674237|41.973385,-87.66836500000001","41.96909,-87.674237","41.973385,-87.66836500000001",4.4,1495043820,29.0,67,
2686,Larrabee St & Division St,3.2333333333333334,"41.897764,-87.642884|41.90348607,-87.64335349","41.897764,-87.642884","41.90348607,-87.64335349",2.9833333333333334,1495036020,50.0,67,
6990,MLK Jr Dr & 29th St,9.366666666666667,"41.83104,-87.62688|41.842052,-87.617","41.83104,-87.62688","41.842052,-87.617",11.0,1495027260,32.0,67,
9241,Lake Shore Dr & Monroe St,3.35,"41.880958,-87.616743|41.880958,-87.616743","41.880958,-87.616743","41.880958,-87.616743",16.983333333333334,1495826520,50.0,67,
2157,Michigan Ave & Oak St,6.45,"41.911722,-87.626804|41.90096039,-87.62377664","41.911722,-87.626804","41.90096039,-87.62377664",6.5166666666666675,1495377420,55.0,67,
1794,Daley Center Plaza,6.1,"41.872372999999996,-87.633523|41.884240999999996,-87.629634","41.872372999999996,-87.633523","41.884240999999996,-87.629634",8.325,1494837570,29.0,66,
123,Franklin St & Jackson Blvd,5.5166666666666675,"41.877749,-87.649633|41.87770796,-87.63532114","41.877749,-87.649633","41.87770796,-87.63532114",5.8,1494966180,28.0,66,
2488,Ellis Ave & 53rd St,4.416666666666667,"41.791478000000005,-87.599861|41.79933626,-87.60095811","41.791478000000005,-87.599861","41.79933626,-87.60095811",4.55,1494970740,29.0,66,
491,Larrabee St & Kingsbury St,8.933333333333334,"41.883379999999995,-87.64116999999999|41.897764,-87.642884","41.883379999999995,-87.64116999999999","41.897764,-87.642884",9.566666666666666,1494833430,41.0,66,
1058,Clark St & Lake St,7.883333333333334,"41.879255,-87.639904|41.88602083,-87.63087606","41.879255,-87.639904","41.88602083,-87.63087606",7.4,1495005630,31.5,66,
3738,Canal St & Madison St,7.666666666666668,"41.877181,-87.627844|41.882090999999996,-87.639833","41.877181,-87.627844","41.882090999999996,-87.639833",7.4833333333333325,1494949500,29.0,66,
423,Kingsbury St & Kinzie St,8.266666666666667,"41.88042,-87.655599|41.88917683,-87.63850577","41.88042,-87.655599","41.88917683,-87.63850577",9.575,1495005240,44.0,66,
2738,Federal St & Polk St,9.416666666666666,"41.884240999999996,-87.629634|41.87207763,-87.62954377","41.884240999999996,-87.629634","41.87207763,-87.62954377",9.058333333333334,1494861990,51.0,66,
9282,Indiana Ave & Roosevelt Rd,7.65,"41.856268,-87.613348|41.867888,-87.623041","41.856268,-87.613348","41.867888,-87.623041",14.833333333333336,1495641810,30.0,66,
1307,Ravenswood Ave & Lawrence Ave,3.9,"41.973385,-87.66836500000001|41.96909,-87.674237","41.973385,-87.66836500000001","41.96909,-87.674237",4.166666666666667,1495053330,50.0,66,
3770,Peoria St & Jackson Blvd,5.783333333333332,"41.878534,-87.640978|41.877749,-87.649633","41.878534,-87.640978","41.877749,-87.649633",4.941666666666666,1494870660,25.0,66,
3390,Kingsbury St & Kinzie St,5.466666666666668,"41.880317,-87.63518499999999|41.88917683,-87.63850577","41.880317,-87.63518499999999","41.88917683,-87.63850577",6.9,1495047330,32.0,66,
1484,Ashland Ave & Division St,2.85,"41.90331,-87.67695|41.90345,-87.66774699999999","41.90331,-87.67695","41.90345,-87.66774699999999",3.2750000000000004,1495051080,32.0,66,
2108,Wells St & Elm St,3.2333333333333334,"41.896776,-87.635633|41.903222,-87.63432399999999","41.896776,-87.635633","41.903222,-87.63432399999999",3.566666666666667,1495040280,27.0,65,
671,Clinton St & Madison St,4.35,"41.881892,-87.64878900000001|41.882242,-87.64106600000001","41.881892,-87.64878900000001","41.882242,-87.64106600000001",4.066666666666666,1494922620,35.0,65,
3380,Canal St & Adams St,10.1,"41.892154,-87.636928|41.879255,-87.639904","41.892154,-87.636928","41.879255,-87.639904",8.116666666666667,1494952380,42.5,65,
16758,Theater on the Lake,26.3,"41.963982,-87.638181|41.926277,-87.630834","41.963982,-87.638181","41.926277,-87.630834",22.98333333333333,1495371120,36.0,65,
4757,Clinton St & Washington Blvd,14.283333333333333,"41.89186,-87.62062|41.883379999999995,-87.64116999999999","41.89186,-87.62062","41.883379999999995,-87.64116999999999",11.958333333333332,1495037640,30.0,64,
760,Clinton St & Washington Blvd,2.683333333333333,"41.88871604,-87.64444785|41.883379999999995,-87.64116999999999","41.88871604,-87.64444785","41.883379999999995,-87.64116999999999",4.1083333333333325,1495006530,40.0,64,
569,Stetson Ave & South Water St,11.383333333333333,"41.882090999999996,-87.639833|41.886835,-87.62232","41.882090999999996,-87.639833","41.886835,-87.62232",10.083333333333332,1494701340,29.0,64,
6989,Lake Shore Dr & North Blvd,4.95,"41.90096039,-87.62377664|41.911722,-87.626804","41.90096039,-87.62377664","41.911722,-87.626804",6.825,1495132770,45.0,64,
1827,McClurg Ct & Erie St,10.95,"41.883379999999995,-87.64116999999999|41.894503,-87.61785400000001","41.883379999999995,-87.64116999999999","41.894503,-87.61785400000001",13.816666666666665,1495002810,29.0,64,
3129,Benson Ave & Church St,5.7333333333333325,"42.048308,-87.698224|42.048214,-87.683485","42.048308,-87.698224","42.048214,-87.683485",5.416666666666668,1495037760,40.0,64,
4278,Damen Ave & Foster Ave,5.2,"41.967094,-87.679028|41.97561481,-87.67945904","41.967094,-87.679028","41.97561481,-87.67945904",5.1,1494869550,28.0,64,
445,Clinton St & Washington Blvd,11.116666666666667,"41.895965999999994,-87.66774699999999|41.883379999999995,-87.64116999999999","41.895965999999994,-87.66774699999999","41.883379999999995,-87.64116999999999",11.941666666666665,1495007700,29.0,64,
1105,Shedd Aquarium,6.4833333333333325,"41.867227,-87.625961|41.86722596,-87.61535539","41.867227,-87.625961","41.86722596,-87.61535539",6.3,1494935760,30.0,64,
654,Kingsbury St & Kinzie St,3.1666666666666665,"41.882090999999996,-87.639833|41.88917683,-87.63850577","41.882090999999996,-87.639833","41.88917683,-87.63850577",4.324999999999998,1494921840,48.0,64,
3189,Canal St & Adams St,5.7,"41.88131982,-87.62952092|41.879255,-87.639904","41.88131982,-87.62952092","41.879255,-87.639904",5.416666666666668,1494951990,41.5,64,
609,Sheridan Rd & Irving Park Rd,5.683333333333334,"41.952833,-87.64999300000001|41.954245,-87.65440600000001","41.952833,-87.64999300000001","41.954245,-87.65440600000001",2.3,1494835980,37.0,63,
2304,Fort Dearborn Dr & 31st St,17.933333333333334,"41.838556,-87.60821800000001|41.838556,-87.60821800000001","41.838556,-87.60821800000001","41.838556,-87.60821800000001",19.33333333333333,1494874560,34.0,63,
15361,Broadway & Cornelia Ave,6.35,"41.937725,-87.644095|41.945529,-87.646439","41.937725,-87.644095","41.945529,-87.646439",4.933333333333334,1495101000,50.0,63,
3872,Clinton St & Washington Blvd,8.883333333333333,"41.890755,-87.632009|41.883379999999995,-87.64116999999999","41.890755,-87.632009","41.883379999999995,-87.64116999999999",7.1,1494852300,26.0,63,
154,Wolcott Ave & Polk St,14.716666666666667,"41.883379999999995,-87.64116999999999|41.871262,-87.673688","41.883379999999995,-87.64116999999999","41.871262,-87.673688",16.616666666666667,1494832920,49.0,63,
6252,Clinton St & Madison St,9.383333333333333,"41.894729,-87.634371|41.882242,-87.64106600000001","41.894729,-87.634371","41.882242,-87.64106600000001",8.766666666666667,1495012860,47.5,63,
3746,Orleans St & Merchandise Mart Plaza,5.366666666666666,"41.880317,-87.63518499999999|41.888243,-87.63639","41.880317,-87.63518499999999","41.888243,-87.63639",5.283333333333333,1494950040,26.0,63,
4523,Eastlake Ter & Rogers Ave,3.566666666666667,"42.015962,-87.66856999999999|42.021019,-87.665086","42.015962,-87.66856999999999","42.021019,-87.665086",4.05,1495146960,27.0,63,
518,Dearborn St & Monroe St,5.4833333333333325,"41.883379999999995,-87.64116999999999|41.88131982,-87.62952092","41.883379999999995,-87.64116999999999","41.88131982,-87.62952092",6.5166666666666675,1494575760,48.0,63,
665,Daley Center Plaza,5.783333333333332,"41.882090999999996,-87.639833|41.884240999999996,-87.629634","41.882090999999996,-87.639833","41.884240999999996,-87.629634",5.383333333333334,1494838080,28.0,63,
488,Larrabee St & Kingsbury St,1.8,"41.893882,-87.641711|41.897764,-87.642884","41.893882,-87.641711","41.897764,-87.642884",2.8,1494886800,31.5,62,
535,Sheffield Ave & Fullerton Ave,6.35,"41.92883,-87.66850699999999|41.92560188,-87.65370804","41.92883,-87.66850699999999","41.92560188,-87.65370804",6.75,1494918840,31.0,62,
3236,Clinton St & Madison St,3.933333333333333,"41.875885,-87.640795|41.882242,-87.64106600000001","41.875885,-87.640795","41.882242,-87.64106600000001",3.975,1494981600,31.0,62,
3976,Clinton St & Washington Blvd,5.966666666666668,"41.888243,-87.63639|41.883379999999995,-87.64116999999999","41.888243,-87.63639","41.883379999999995,-87.64116999999999",5.3,1494953340,21.0,62,
629,Larrabee St & Kingsbury St,7.916666666666668,"41.902972999999996,-87.63128|41.897764,-87.642884","41.902972999999996,-87.63128","41.897764,-87.642884",7.35,1494896940,48.0,62,
1987,Wabash Ave & Roosevelt Rd,6.75,"41.857611,-87.619407|41.867227,-87.625961","41.857611,-87.619407","41.867227,-87.625961",6.725,1494842940,28.0,62,
77,Ravenswood Ave & Irving Park Rd,2.6166666666666667,"41.956061,-87.668869|41.95469,-87.67393","41.956061,-87.668869","41.95469,-87.67393",2.6083333333333334,1494571080,49.5,62,
5819,Michigan Ave & 14th St,6.283333333333332,"41.87785,-87.62408|41.864059000000005,-87.623727","41.87785,-87.62408","41.864059000000005,-87.623727",8.941666666666666,1495348200,46.5,62,
272,St. Clair St & Erie St,11.816666666666665,"41.882090999999996,-87.639833|41.894448,-87.622663","41.882090999999996,-87.639833","41.894448,-87.622663",12.208333333333332,1494916770,25.0,62,
162,Southport Ave & Roscoe St,2.1166666666666667,"41.94815,-87.66394|41.943739,-87.66402","41.94815,-87.66394","41.943739,-87.66402",2.3083333333333336,1495057320,30.0,62,
155,Michigan Ave & Lake St,5.716666666666668,"41.882090999999996,-87.639833|41.886024,-87.624117","41.882090999999996,-87.639833","41.886024,-87.624117",7.758333333333333,1494490530,45.0,62,
846,Dearborn St & Erie St,8.266666666666667,"41.883379999999995,-87.64116999999999|41.893992,-87.62931800000001","41.883379999999995,-87.64116999999999","41.893992,-87.62931800000001",9.708333333333334,1494511410,26.0,62,
4161,Halsted St & Wrightwood Ave,3.0166666666666666,"41.932418,-87.65270500000001|41.929142999999996,-87.649077","41.932418,-87.65270500000001","41.929142999999996,-87.649077",2.8,1494991830,38.0,62,
4889,Peoria St & Jackson Blvd,11.3,"41.879255,-87.639904|41.877749,-87.649633","41.879255,-87.639904","41.877749,-87.649633",4.766666666666667,1494987690,33.0,62,
4366,Clarendon Ave & Junior Ter,5.166666666666667,"41.954245,-87.65440600000001|41.961003999999996,-87.649603","41.954245,-87.65440600000001","41.961003999999996,-87.649603",5.375,1495054590,29.0,62,
4586,Wisconsin Ave & Madison St,4.45,"41.88681,-87.80287|41.879837,-87.80224","41.88681,-87.80287","41.879837,-87.80224",3.783333333333333,1494782340,39.5,62,
10,Sheffield Ave & Wrightwood Ave,1.8333333333333333,"41.92560188,-87.65370804|41.928712,-87.65383299999999","41.92560188,-87.65370804","41.928712,-87.65383299999999",2.1166666666666667,1495112760,37.0,61,
2210,Lake Park Ave & 53rd St,8.0,"41.791478000000005,-87.599861|41.79949429,-87.5864499","41.791478000000005,-87.599861","41.79949429,-87.5864499",9.35,1494873240,32.0,61,
5389,Federal St & Polk St,4.15,"41.87935636,-87.62979104|41.87207763,-87.62954377","41.87935636,-87.62979104","41.87207763,-87.62954377",5.916666666666668,1495482000,45.0,61,
3246,Kingsbury St & Erie St,7.7333333333333325,"41.883379999999995,-87.64116999999999|41.893882,-87.641711","41.883379999999995,-87.64116999999999","41.893882,-87.641711",7.7,1494934200,27.0,61,
2536,Clinton St & Washington Blvd,3.65,"41.883004,-87.65114799999999|41.883379999999995,-87.64116999999999","41.883004,-87.65114799999999","41.883379999999995,-87.64116999999999",4.183333333333334,1495024920,37.0,61,
211,Bissell St & Armitage Ave,1.8666666666666667,"41.919936,-87.64883|41.918440000000004,-87.65222","41.919936,-87.64883","41.918440000000004,-87.65222",1.9833333333333332,1494921840,38.5,61,
6804,Dearborn Pkwy & Delaware Pl,13.816666666666665,"41.878170000000004,-87.631985|41.898969,-87.629912","41.878170000000004,-87.631985","41.898969,-87.629912",11.283333333333333,1495122840,24.0,61,
1954,LaSalle St & Illinois St,9.016666666666667,"41.902972999999996,-87.63128|41.890755,-87.632009","41.902972999999996,-87.63128","41.890755,-87.632009",8.15,1495041540,46.0,61,
3897,Lake Shore Dr & North Blvd,19.45,"41.880958,-87.616743|41.911722,-87.626804","41.880958,-87.616743","41.911722,-87.626804",21.15,1495104480,34.0,61,
2998,Ashland Ave & Wrightwood Ave,5.9833333333333325,"41.92560188,-87.65370804|41.92883,-87.66850699999999","41.92560188,-87.65370804","41.92883,-87.66850699999999",6.566666666666666,1495038480,59.0,61,
2993,Clinton St & Jackson Blvd,3.216666666666667,"41.883379999999995,-87.64116999999999|41.878534,-87.640978","41.883379999999995,-87.64116999999999","41.878534,-87.640978",3.566666666666667,1495010160,33.5,61,
8773,Lake Shore Dr & Wellington Ave,5.683333333333334,"41.926277,-87.630834|41.936669,-87.636794","41.926277,-87.630834","41.936669,-87.636794",9.616666666666667,1495224780,27.0,60,
2859,LaSalle St & Jackson Blvd,10.083333333333334,"41.898969,-87.629912|41.878170000000004,-87.631985","41.898969,-87.629912","41.878170000000004,-87.631985",11.9,1494949920,32.0,60,
6950,Dearborn St & Erie St,4.833333333333333,"41.893882,-87.641711|41.893992,-87.62931800000001","41.893882,-87.641711","41.893992,-87.62931800000001",5.391666666666668,1495025940,47.0,60,
224,Bissell St & Armitage Ave,6.883333333333334,"41.915689,-87.6346|41.918440000000004,-87.65222","41.915689,-87.6346","41.918440000000004,-87.65222",6.316666666666666,1495005120,30.0,60,
260,Orleans St & Ohio St,6.833333333333332,"41.879255,-87.639904|41.892154,-87.636928","41.879255,-87.639904","41.892154,-87.636928",7.550000000000002,1494832740,37.0,60,
4020,Cornell Ave & Hyde Park Blvd,10.95,"41.791478000000005,-87.599861|41.802406,-87.586924","41.791478000000005,-87.599861","41.802406,-87.586924",10.325,1495042830,39.0,60,
619,Clinton St & Jackson Blvd,3.633333333333333,"41.882242,-87.64106600000001|41.878534,-87.640978","41.882242,-87.64106600000001","41.878534,-87.640978",2.85,1494880860,49.0,60,
391,Dodge Ave & Church St,5.816666666666666,"42.048214,-87.683485|42.048308,-87.698224","42.048214,-87.683485","42.048308,-87.698224",6.841666666666668,1495007370,37.0,60,
70,Ravenswood Ave & Lawrence Ave,5.9833333333333325,"41.968872999999995,-87.658857|41.96909,-87.674237","41.968872999999995,-87.658857","41.96909,-87.674237",6.275,1495045500,31.0,60,
639,Clinton St & Madison St,7.2666666666666675,"41.890755,-87.632009|41.882242,-87.64106600000001","41.890755,-87.632009","41.882242,-87.64106600000001",7.824999999999998,1495060740,31.0,60,
1811,Franklin St & Monroe St,2.6333333333333333,"41.87935636,-87.62979104|41.880317,-87.63518499999999","41.87935636,-87.62979104","41.880317,-87.63518499999999",2.875,1495104150,29.0,60,
9,Western Ave & Walton St,6.316666666666666,"41.90331,-87.67695|41.89841769,-87.68659602","41.90331,-87.67695","41.89841769,-87.68659602",5.6,1495215000,33.0,60,
11772,Wabash Ave & Roosevelt Rd,4.983333333333333,"41.87207763,-87.62954377|41.867227,-87.625961","41.87207763,-87.62954377","41.867227,-87.625961",4.758333333333333,1495070280,32.0,60,
6208,Oakley Ave & Roscoe St,9.333333333333334,"41.94334,-87.67097|41.94302617,-87.68739454","41.94334,-87.67097","41.94302617,-87.68739454",6.366666666666666,1495038960,49.0,59,
6537,Lake Shore Dr & Monroe St,31.93333333333333,"41.88504199,-87.61279454|41.880958,-87.616743","41.88504199,-87.61279454","41.880958,-87.616743",4.35,1495394460,52.0,59,
1851,Racine Ave & Belmont Ave,2.716666666666667,"41.94018,-87.65304|41.939743,-87.658865","41.94018,-87.65304","41.939743,-87.658865",2.4833333333333334,1494931920,21.0,59,
683,Dearborn St & Erie St,9.033333333333333,"41.879255,-87.639904|41.893992,-87.62931800000001","41.879255,-87.639904","41.893992,-87.62931800000001",10.966666666666667,1494869580,27.0,59,
1049,Stetson Ave & South Water St,7.45,"41.883379999999995,-87.64116999999999|41.886835,-87.62232","41.883379999999995,-87.64116999999999","41.886835,-87.62232",9.85,1494836760,47.0,59,
1714,Franklin St & Quincy St,11.433333333333335,"41.894729,-87.634371|41.878724,-87.634793","41.894729,-87.634371","41.878724,-87.634793",9.233333333333333,1494918840,50.0,59,
981,LaSalle St & Jackson Blvd,3.716666666666667,"41.880884,-87.639525|41.878170000000004,-87.631985","41.880884,-87.639525","41.878170000000004,-87.631985",4.383333333333334,1494579540,33.0,59,
3205,Clinton St & Washington Blvd,7.316666666666666,"41.886926,-87.65691899999999|41.883379999999995,-87.64116999999999","41.886926,-87.65691899999999","41.883379999999995,-87.64116999999999",8.333333333333332,1494868320,36.0,58,
4162,Clark St & Wellington Ave,25.5,"41.936265999999996,-87.652662|41.93649682,-87.64753866","41.936265999999996,-87.652662","41.93649682,-87.64753866",2.833333333333333,1494788370,40.0,58,
730,Paulina Ave & North Ave,3.333333333333333,"41.916017,-87.668879|41.910337,-87.67007199999999","41.916017,-87.668879","41.910337,-87.67007199999999",3.575,1494897570,47.0,58,
2493,Michigan Ave & Oak St,8.283333333333333,"41.915689,-87.6346|41.90096039,-87.62377664","41.915689,-87.6346","41.90096039,-87.62377664",9.483333333333334,1494699360,29.0,58,
3184,Canal St & Adams St,9.966666666666667,"41.886835,-87.62232|41.879255,-87.639904","41.886835,-87.62232","41.879255,-87.639904",9.291666666666666,1494865260,30.0,58,
1180,Southport Ave & Roscoe St,4.366666666666666,"41.950687,-87.6687|41.943739,-87.66402","41.950687,-87.6687","41.943739,-87.66402",5.091666666666667,1495095390,29.5,58,
1197,Dearborn St & Erie St,9.983333333333333,"41.87593267,-87.63058454|41.893992,-87.62931800000001","41.87593267,-87.63058454","41.893992,-87.62931800000001",10.325,1494836670,37.0,58,
5109,Canal St & Adams St,15.216666666666667,"41.890755,-87.632009|41.879255,-87.639904","41.890755,-87.632009","41.879255,-87.639904",10.291666666666668,1495081920,42.0,58,
1638,Sheffield Ave & Fullerton Ave,1.4333333333333331,"41.928712,-87.65383299999999|41.92560188,-87.65370804","41.928712,-87.65383299999999","41.92560188,-87.65370804",1.5833333333333333,1494942480,30.0,58,
9909,Calumet Ave & 18th St,6.533333333333332,"41.867227,-87.625961|41.857611,-87.619407","41.867227,-87.625961","41.857611,-87.619407",6.883333333333333,1495131210,28.0,58,
3417,Canal St & Adams St,14.166666666666664,"41.89186,-87.62062|41.879255,-87.639904","41.89186,-87.62062","41.879255,-87.639904",14.466666666666667,1495126440,52.0,58,
35,Franklin St & Monroe St,11.066666666666665,"41.898969,-87.629912|41.880317,-87.63518499999999","41.898969,-87.629912","41.880317,-87.63518499999999",9.816666666666666,1495093440,37.5,57,
3387,Wood St & Hubbard St,3.45,"41.88541,-87.66731999999999|41.889587,-87.67195600000001","41.88541,-87.66731999999999","41.889587,-87.67195600000001",3.45,1494616140,34.0,57,
1772,Dearborn Pkwy & Delaware Pl,7.0166666666666675,"41.884240999999996,-87.629634|41.898969,-87.629912","41.884240999999996,-87.629634","41.898969,-87.629912",8.35,1495113480,46.0,57,
4505,Kimbark Ave & 53rd St,10.116666666666667,"41.78509715,-87.60107276|41.799568,-87.594747","41.78509715,-87.60107276","41.799568,-87.594747",9.333333333333334,1494691320,35.0,57,
3360,Clinton St & Madison St,21.816666666666666,"41.894448,-87.622663|41.882242,-87.64106600000001","41.894448,-87.622663","41.882242,-87.64106600000001",12.783333333333333,1494606300,29.5,57,
2414,Clark St & Elm St,7.066666666666666,"41.890755,-87.632009|41.902972999999996,-87.63128","41.890755,-87.632009","41.902972999999996,-87.63128",7.833333333333332,1495048440,49.0,57,
442,Orleans St & Merchandise Mart Plaza,9.516666666666667,"41.878534,-87.640978|41.888243,-87.63639","41.878534,-87.640978","41.888243,-87.63639",8.716666666666667,1494828660,38.0,57,
6599,Southport Ave & Waveland Ave,4.433333333333334,"41.943739,-87.66402|41.94815,-87.66394","41.943739,-87.66402","41.94815,-87.66394",3.066666666666667,1495043640,44.0,57,
6674,Kingsbury St & Erie St,7.916666666666668,"41.879255,-87.639904|41.893882,-87.641711","41.879255,-87.639904","41.893882,-87.641711",9.366666666666667,1494921900,58.0,57,
4762,Sedgwick St & North Ave,3.083333333333333,"41.91468,-87.64331999999999|41.911386,-87.638677","41.91468,-87.64331999999999","41.911386,-87.638677",3.1416666666666666,1495093380,30.0,56,
5070,Dearborn Pkwy & Delaware Pl,12.383333333333333,"41.883379999999995,-87.64116999999999|41.898969,-87.629912","41.883379999999995,-87.64116999999999","41.898969,-87.629912",12.866666666666667,1494868320,28.0,56,
2600,Prairie Ave & Garfield Blvd,4.25,"41.79156801,-87.60785218|41.794853,-87.618691","41.79156801,-87.60785218","41.794853,-87.618691",4.166666666666667,1494919890,39.0,56,
2854,Canal St & Madison St,3.7,"41.878724,-87.634793|41.882090999999996,-87.639833","41.878724,-87.634793","41.882090999999996,-87.639833",3.7666666666666666,1494479370,29.0,56,
2515,Kingsbury St & Kinzie St,3.6166666666666663,"41.885637,-87.641823|41.88917683,-87.63850577","41.885637,-87.641823","41.88917683,-87.63850577",3.6166666666666663,1494850380,36.0,56,
937,Central St Metra,3.85,"42.063999,-87.685962|42.063598,-87.69873","42.063999,-87.685962","42.063598,-87.69873",5.508333333333333,1494946290,28.0,56,
346,Sheffield Ave & Fullerton Ave,2.15,"41.92556258,-87.65840426|41.92560188,-87.65370804","41.92556258,-87.65840426","41.92560188,-87.65370804",2.283333333333333,1495118790,33.0,56,
364,Western Ave & Winnebago Ave,7.116666666666666,"41.91402671,-87.70512646|41.91552,-87.687022","41.91402671,-87.70512646","41.91552,-87.687022",6.808333333333334,1495007220,41.0,56,
1068,Desplaines St & Kinzie St,3.9,"41.883379999999995,-87.64116999999999|41.88871604,-87.64444785","41.883379999999995,-87.64116999999999","41.88871604,-87.64444785",5.116666666666667,1494905010,30.0,56,
2485,Clinton St & Madison St,5.3,"41.88131982,-87.62952092|41.882242,-87.64106600000001","41.88131982,-87.62952092","41.882242,-87.64106600000001",5.141666666666668,1494980130,35.0,56,
5529,Shore Dr & 55th St,5.083333333333333,"41.795212,-87.580715|41.795212,-87.580715","41.795212,-87.580715","41.795212,-87.580715",23.90833333333333,1495270710,30.0,56,
657,Dearborn St & Monroe St,2.35,"41.878170000000004,-87.631985|41.88131982,-87.62952092","41.878170000000004,-87.631985","41.88131982,-87.62952092",2.908333333333333,1494980550,31.0,56,
655,Morgan St & Lake St,5.1,"41.882242,-87.64106600000001|41.88548331,-87.65230486","41.882242,-87.64106600000001","41.88548331,-87.65230486",6.7666666666666675,1494966690,34.0,56,
1408,Marshfield Ave & Cortland St,3.683333333333333,"41.910337,-87.67007199999999|41.916017,-87.668879","41.910337,-87.67007199999999","41.916017,-87.668879",3.3083333333333336,1494938700,28.0,56,
54,State St & Pearson St,15.283333333333333,"41.879255,-87.639904|41.897448,-87.628722","41.879255,-87.639904","41.897448,-87.628722",14.141666666666666,1494828030,33.0,56,
193,Dearborn St & Adams St,4.533333333333333,"41.882090999999996,-87.639833|41.87935636,-87.62979104","41.882090999999996,-87.639833","41.87935636,-87.62979104",5.633333333333334,1494918270,29.0,56,
924,Orleans St & Merchandise Mart Plaza,8.216666666666667,"41.903222,-87.63432399999999|41.888243,-87.63639","41.903222,-87.63432399999999","41.888243,-87.63639",7.975,1495191090,35.0,56,
5121,Dearborn Pkwy & Delaware Pl,7.2333333333333325,"41.888243,-87.63639|41.898969,-87.629912","41.888243,-87.63639","41.898969,-87.629912",7.966666666666668,1495041360,39.0,55,
4853,Clark St & Armitage Ave,3.95,"41.911386,-87.638677|41.918306,-87.636282","41.911386,-87.638677","41.918306,-87.636282",4.366666666666666,1494623580,37.0,55,
5541,Clinton St & Madison St,3.783333333333333,"41.883668,-87.64867|41.882242,-87.64106600000001","41.883668,-87.64867","41.882242,-87.64106600000001",4.016666666666667,1495037700,27.0,55,
267,Orleans St & Merchandise Mart Plaza,6.416666666666668,"41.87500914,-87.63310582|41.888243,-87.63639","41.87500914,-87.63310582","41.888243,-87.63639",7.866666666666666,1494838440,31.0,55,
4823,Mies van der Rohe Way & Chicago Ave,5.616666666666666,"41.891020000000005,-87.6173|41.89691,-87.62174300000001","41.891020000000005,-87.6173","41.89691,-87.62174300000001",4.3,1494700800,42.0,55,
1892,Clinton St & Madison St,9.05,"41.886926,-87.65691899999999|41.882242,-87.64106600000001","41.886926,-87.65691899999999","41.882242,-87.64106600000001",7.416666666666668,1494666780,38.0,55,
1043,State St & 33rd St,8.4,"41.836208,-87.61353299999999|41.834734000000005,-87.625813","41.836208,-87.61353299999999","41.834734000000005,-87.625813",7.35,1494674100,27.0,55,
140,Wacker Dr & Washington St,8.866666666666667,"41.884728,-87.61952099999999|41.88327159,-87.63731329","41.884728,-87.61952099999999","41.88327159,-87.63731329",8.866666666666667,1495097040,29.0,55,
1886,Franklin St & Monroe St,14.283333333333333,"41.891020000000005,-87.6173|41.880317,-87.63518499999999","41.891020000000005,-87.6173","41.880317,-87.63518499999999",12.416666666666664,1495012680,29.0,55,
136,Sheridan Rd & Irving Park Rd,3.1166666666666667,"41.954177,-87.664358|41.954245,-87.65440600000001","41.954177,-87.664358","41.954245,-87.65440600000001",3.9,1494959820,39.0,55,
861,Clark St & Randolph St,3.566666666666667,"41.88389277,-87.62464914|41.88457623,-87.63188991","41.88389277,-87.62464914","41.88457623,-87.63188991",4.2,1494928980,35.0,55,
9594,Clinton St & Washington Blvd,11.4,"41.88283,-87.661206|41.883379999999995,-87.64116999999999","41.88283,-87.661206","41.883379999999995,-87.64116999999999",6.966666666666668,1494850860,60.0,54,
265,Wabash Ave & Adams St,7.366666666666666,"41.882090999999996,-87.639833|41.87947235,-87.62568861","41.882090999999996,-87.639833","41.87947235,-87.62568861",8.083333333333332,1494920610,28.0,54,
1411,Clinton St & Madison St,4.833333333333333,"41.883004,-87.65114799999999|41.882242,-87.64106600000001","41.883004,-87.65114799999999","41.882242,-87.64106600000001",4.166666666666667,1494896460,25.0,54,
5517,Indiana Ave & 31st St,4.416666666666667,"41.834734000000005,-87.625813|41.838842,-87.62185699999999","41.834734000000005,-87.625813","41.838842,-87.62185699999999",5.366666666666667,1495129020,29.0,54,
3799,Ellis Ave & 60th St,2.2333333333333334,"41.788746,-87.601334|41.78509715,-87.60107276","41.788746,-87.601334","41.78509715,-87.60107276",2.125,1494953490,40.0,54,
1702,Ashland Ave & Lake St,4.15,"41.889587,-87.67195600000001|41.88541,-87.66731999999999","41.889587,-87.67195600000001","41.88541,-87.66731999999999",3.966666666666667,1495006530,40.0,54,
1246,Orleans St & Merchandise Mart Plaza,6.65,"41.897764,-87.642884|41.888243,-87.63639","41.897764,-87.642884","41.888243,-87.63639",6.041666666666666,1494920100,28.0,54,
616,Kedzie Ave & Milwaukee Ave,4.516666666666667,"41.921525,-87.70732199999999|41.929567,-87.70785699999999","41.921525,-87.70732199999999","41.929567,-87.70785699999999",5.324999999999998,1494598650,53.0,54,
3583,Ravenswood Ave & Lawrence Ave,4.866666666666666,"41.957921,-87.673567|41.96909,-87.674237","41.957921,-87.673567","41.96909,-87.674237",5.058333333333334,1494929940,34.0,54,
3608,Clinton St & Washington Blvd,11.033333333333333,"41.886835,-87.62232|41.883379999999995,-87.64116999999999","41.886835,-87.62232","41.883379999999995,-87.64116999999999",9.325,1495039410,30.0,54,
12218,Streeter Dr & Grand Ave,5.183333333333334,"41.88504199,-87.61279454|41.892278000000005,-87.612043","41.88504199,-87.61279454","41.892278000000005,-87.612043",7.3583333333333325,1495390200,28.5,54,
594,Dearborn St & Erie St,12.466666666666667,"41.878534,-87.640978|41.893992,-87.62931800000001","41.878534,-87.640978","41.893992,-87.62931800000001",13.108333333333334,1494593430,61.0,54,
12672,Indiana Ave & Roosevelt Rd,12.083333333333336,"41.880958,-87.616743|41.867888,-87.623041","41.880958,-87.616743","41.867888,-87.623041",11.1,1495249800,34.0,54,
469,Dearborn Pkwy & Delaware Pl,6.583333333333332,"41.88602083,-87.63087606|41.898969,-87.629912","41.88602083,-87.63087606","41.898969,-87.629912",7.033333333333332,1494792210,35.0,54,
777,Clinton St & Washington Blvd,11.566666666666665,"41.898969,-87.629912|41.883379999999995,-87.64116999999999","41.898969,-87.629912","41.883379999999995,-87.64116999999999",10.775,1494595080,33.0,54,
2649,Clinton St & Washington Blvd,4.833333333333333,"41.878170000000004,-87.631985|41.883379999999995,-87.64116999999999","41.878170000000004,-87.631985","41.883379999999995,-87.64116999999999",5.866666666666666,1494946020,42.0,54,
1957,Clinton St & Madison St,9.666666666666666,"41.871736999999996,-87.65103|41.882242,-87.64106600000001","41.871736999999996,-87.65103","41.882242,-87.64106600000001",9.858333333333334,1494893640,27.0,54,
107,California Ave & Milwaukee Ave,5.7666666666666675,"41.91718375,-87.71035665|41.922695000000004,-87.697153","41.91718375,-87.71035665","41.922695000000004,-87.697153",6.708333333333334,1494917520,49.0,54,
2719,LaSalle St & Illinois St,12.016666666666667,"41.89186,-87.62062|41.890755,-87.632009","41.89186,-87.62062","41.890755,-87.632009",5.1,1495097490,39.0,54,
855,Dearborn St & Monroe St,4.95,"41.882242,-87.64106600000001|41.88131982,-87.62952092","41.882242,-87.64106600000001","41.88131982,-87.62952092",5.9,1494508200,33.0,54,
3151,Clinton St & Washington Blvd,6.2333333333333325,"41.884240999999996,-87.629634|41.883379999999995,-87.64116999999999","41.884240999999996,-87.629634","41.883379999999995,-87.64116999999999",5.958333333333334,1495102020,37.0,54,
226,Canal St & Monroe St (*),6.433333333333334,"41.88389277,-87.62464914|41.880884,-87.639525","41.88389277,-87.62464914","41.880884,-87.639525",6.95,1494607860,36.5,53,
1166,Cornell Ave & Hyde Park Blvd,3.283333333333333,"41.799568,-87.594747|41.802406,-87.586924","41.799568,-87.594747","41.802406,-87.586924",5.083333333333333,1494925860,31.0,53,
1681,University Ave & 57th St,7.65,"41.79949429,-87.5864499|41.791478000000005,-87.599861","41.79949429,-87.5864499","41.791478000000005,-87.599861",8.85,1494839280,27.0,53,
9368,Adler Planetarium,28.716666666666665,"41.880958,-87.616743|41.866095,-87.60726700000001","41.880958,-87.616743","41.866095,-87.60726700000001",16.666666666666668,1495394700,32.0,53,
9686,Clinton St & Madison St,8.416666666666666,"41.897764,-87.642884|41.882242,-87.64106600000001","41.897764,-87.642884","41.882242,-87.64106600000001",9.733333333333333,1494954300,30.0,53,
10261,McClurg Ct & Illinois St,5.866666666666666,"41.890755,-87.632009|41.891020000000005,-87.6173","41.890755,-87.632009","41.891020000000005,-87.6173",6.166666666666668,1495097520,30.5,53,
12078,Michigan Ave & Oak St,9.433333333333334,"41.892278000000005,-87.612043|41.90096039,-87.62377664","41.892278000000005,-87.612043","41.90096039,-87.62377664",10.616666666666667,1495470360,45.0,53,
201,Orleans St & Merchandise Mart Plaza,5.133333333333334,"41.879255,-87.639904|41.888243,-87.63639","41.879255,-87.639904","41.888243,-87.63639",6.85,1494570300,49.0,53,
3630,Dearborn St & Erie St,5.566666666666666,"41.884240999999996,-87.629634|41.893992,-87.62931800000001","41.884240999999996,-87.629634","41.893992,-87.62931800000001",6.2666666666666675,1494958080,40.0,53,
2053,Broadway & Sheridan Rd,3.7,"41.954245,-87.65440600000001|41.952833,-87.64999300000001","41.954245,-87.65440600000001","41.952833,-87.64999300000001",2.433333333333333,1494872760,64.0,53,
3082,Canal St & Adams St,14.366666666666667,"41.891020000000005,-87.6173|41.879255,-87.639904","41.891020000000005,-87.6173","41.879255,-87.639904",13.8,1494868440,34.0,53,
1109,Lake Park Ave & 56th St,4.0,"41.795212,-87.580715|41.793242,-87.58778199999999","41.795212,-87.580715","41.793242,-87.58778199999999",4.533333333333333,1494838920,34.0,53,
943,Ellis Ave & 58th St,8.666666666666666,"41.799568,-87.594747|41.788746,-87.601334","41.799568,-87.594747","41.788746,-87.601334",7.783333333333332,1494579480,45.0,53,
384,Wabash Ave & Roosevelt Rd,6.0166666666666675,"41.86711778,-87.64108796|41.867227,-87.625961","41.86711778,-87.64108796","41.867227,-87.625961",6.683333333333334,1494958500,41.0,53,
4037,Shore Dr & 55th St,4.366666666666666,"41.793242,-87.58778199999999|41.795212,-87.580715","41.793242,-87.58778199999999","41.795212,-87.580715",4.9,1494862500,61.0,53,
2541,LaSalle St & Jackson Blvd,23.48333333333333,"41.888243,-87.63639|41.878170000000004,-87.631985","41.888243,-87.63639","41.878170000000004,-87.631985",6.95,1494934620,35.0,53,
3949,Theater on the Lake,21.78333333333333,"41.884728,-87.61952099999999|41.926277,-87.630834","41.884728,-87.61952099999999","41.926277,-87.630834",22.66666666666667,1494864300,33.0,53,
2319,Kingsbury St & Erie St,4.233333333333333,"41.888243,-87.63639|41.893882,-87.641711","41.888243,-87.63639","41.893882,-87.641711",3.608333333333333,1494915750,35.0,52,
2799,Ellis Ave & 58th St,2.35,"41.78509715,-87.60107276|41.788746,-87.601334","41.78509715,-87.60107276","41.788746,-87.601334",2.2,1495061520,33.0,52,
13826,Montrose Harbor,25.6,"41.963982,-87.638181|41.963982,-87.638181","41.963982,-87.638181","41.963982,-87.638181",17.53333333333333,1495807920,47.0,52,
602,Aberdeen St & Monroe St,5.533333333333332,"41.880421999999996,-87.642746|41.88042,-87.655599","41.880421999999996,-87.642746","41.88042,-87.655599",5.591666666666668,1494521850,25.0,52,
703,Leavitt St & North Ave,9.1,"41.916017,-87.668879|41.910153,-87.68229000000001","41.916017,-87.668879","41.910153,-87.68229000000001",8.2,1494897540,37.0,52,
103,Canal St & Adams St,4.316666666666666,"41.883004,-87.65114799999999|41.879255,-87.639904","41.883004,-87.65114799999999","41.879255,-87.639904",6.316666666666666,1494991740,39.0,52,
270,Marion St & South Blvd,4.05,"41.879837,-87.80224|41.88681,-87.80287","41.879837,-87.80224","41.88681,-87.80287",3.8666666666666663,1494581280,47.0,52,
3001,Desplaines St & Kinzie St,6.0,"41.882090999999996,-87.639833|41.88871604,-87.64444785","41.882090999999996,-87.639833","41.88871604,-87.64444785",5.05,1494955560,27.0,52,
884,Clark St & Congress Pkwy,7.05,"41.882242,-87.64106600000001|41.87593267,-87.63058454","41.882242,-87.64106600000001","41.87593267,-87.63058454",7.675000000000002,1495024440,37.5,52,
263,Clinton St & Washington Blvd,8.45,"41.897764,-87.642884|41.883379999999995,-87.64116999999999","41.897764,-87.642884","41.883379999999995,-87.64116999999999",8.383333333333333,1495018890,39.0,52,
3265,State St & Van Buren St,8.366666666666667,"41.882242,-87.64106600000001|41.877181,-87.627844","41.882242,-87.64106600000001","41.877181,-87.627844",7.541666666666666,1494876690,33.0,52,
2886,Racine Ave & Randolph St,3.283333333333333,"41.88548331,-87.65230486|41.884069000000004,-87.656853","41.88548331,-87.65230486","41.884069000000004,-87.656853",2.583333333333333,1494922800,30.0,51,
2382,University Library (NU),3.5,"42.058239,-87.677432|42.052939,-87.673447","42.058239,-87.677432","42.052939,-87.673447",4.516666666666667,1494755040,57.0,51,
4211,Larrabee St & Menomonee St,2.95,"41.911386,-87.638677|41.91468,-87.64331999999999","41.911386,-87.638677","41.91468,-87.64331999999999",3.25,1495041960,27.5,51,
6193,Clark St & Elm St,6.7,"41.891738000000004,-87.626937|41.902972999999996,-87.63128","41.891738000000004,-87.626937","41.902972999999996,-87.63128",6.966666666666668,1495040880,34.0,51,
256,Cityfront Plaza Dr & Pioneer Ct,11.683333333333335,"41.879255,-87.639904|41.890572999999996,-87.622072","41.879255,-87.639904","41.890572999999996,-87.622072",11.166666666666664,1494916740,33.5,51,
12870,Broadway & Cornelia Ave,7.5,"41.954383,-87.648043|41.945529,-87.646439","41.954383,-87.648043","41.945529,-87.646439",6.033333333333332,1495042680,33.0,51,
3719,Clinton St & Madison St,20.133333333333333,"41.871262,-87.673688|41.882242,-87.64106600000001","41.871262,-87.673688","41.882242,-87.64106600000001",17.55,1494950280,28.0,51,
3507,Canal St & Adams St,11.766666666666667,"41.886875,-87.62603|41.879255,-87.639904","41.886875,-87.62603","41.879255,-87.639904",9.666666666666666,1494870840,29.0,51,
9126,Ada St & Washington Blvd,8.45,"41.882242,-87.64106600000001|41.88283,-87.661206","41.882242,-87.64106600000001","41.88283,-87.661206",8.516666666666667,1495009980,36.0,51,
2223,Columbus Dr & Randolph St,6.783333333333332,"41.882664,-87.63253|41.884728,-87.61952099999999","41.882664,-87.63253","41.884728,-87.61952099999999",7.65,1494933960,53.0,51,
3996,Spaulding Ave & Armitage Ave,6.633333333333334,"41.922695000000004,-87.697153|41.91718375,-87.71035665","41.922695000000004,-87.697153","41.91718375,-87.71035665",7.466666666666668,1494777180,29.0,51,
3085,McClurg Ct & Illinois St,4.983333333333333,"41.884240999999996,-87.629634|41.891020000000005,-87.6173","41.884240999999996,-87.629634","41.891020000000005,-87.6173",6.8,1495038300,29.0,51,
7250,MLK Jr Dr & 29th St,4.65,"41.85137517,-87.61883465|41.842052,-87.617","41.85137517,-87.61883465","41.842052,-87.617",7.0,1495140420,33.0,51,
2205,Streeter Dr & Grand Ave,16.6,"41.90096039,-87.62377664|41.892278000000005,-87.612043","41.90096039,-87.62377664","41.892278000000005,-87.612043",12.55,1495361880,66.0,51,
9395,Lake Shore Dr & Belmont Ave,9.216666666666667,"41.926277,-87.630834|41.940775,-87.63919200000001","41.926277,-87.630834","41.940775,-87.63919200000001",10.766666666666667,1495024500,28.0,51,
2293,Lake Shore Dr & Wellington Ave,16.166666666666668,"41.911722,-87.626804|41.936669,-87.636794","41.911722,-87.626804","41.936669,-87.636794",16.033333333333335,1495309200,39.0,51,
1499,Loomis St & Taylor St (*),2.3833333333333333,"41.8694821,-87.6554864|41.869417,-87.660996","41.8694821,-87.6554864","41.869417,-87.660996",2.466666666666667,1495317000,32.5,51,
3326,Clinton St & Washington Blvd,5.8,"41.8847302,-87.62773357|41.883379999999995,-87.64116999999999","41.8847302,-87.62773357","41.883379999999995,-87.64116999999999",6.116666666666666,1494919680,30.0,51,
